Date,Season,Div,HomeTeam,AwayTeam,Referee,confidence,home_cards_last5,away_cards_last5,total_cards_last5,predicted_cards,over_4_5_prob,under_model_prob,under_book_prob,MarketMode,value_edge,signal,Pick,Odds,Stake,total_cards,Result,Profit
2022-02-27,2022,E0,West Ham,Wolves,A Taylor,HIGH CONFIDENCE,1.8,1.2,3.0,2.4296246,0.04346421,0.9565358,0.7685308836395451,Rolling market,0.18800493255308182,STRONG UNDER,UNDER 4.5,1.3,1.0,1,WIN,0.30000000000000004
2022-03-01,2022,E0,Burnley,Leicester,C Kavanagh,HIGH CONFIDENCE,1.0,2.0,3.0,2.86885,0.111017235,0.8889828,0.7712347721202724,Rolling market,0.11774800070687608,STRONG UNDER,UNDER 4.5,1.3,1.0,2,WIN,0.30000000000000004
2022-03-05,2022,E0,Norwich,Brentford,A Taylor,HIGH CONFIDENCE,1.6,1.2,2.8,2.8641398,0.08185363,0.9181464,0.786081943294294,Rolling market,0.13206442854713663,STRONG UNDER,UNDER 4.5,1.27,1.0,7,LOSS,-1.0
2022-03-05,2022,E0,Liverpool,West Ham,J Moss,HIGH CONFIDENCE,0.4,1.2,1.6,1.4228961,0.017312406,0.9826876,0.7813780844155845,Rolling market,0.20130950809082415,STRONG UNDER,UNDER 4.5,1.28,1.0,3,WIN,0.28
2022-03-05,2022,E0,Wolves,Crystal Palace,A Madley,HIGH CONFIDENCE,2.0,1.2,3.2,3.1818197,0.07013804,0.92986196,0.7793338258164852,Rolling market,0.15052813697877232,STRONG UNDER,UNDER 4.5,1.28,1.0,3,WIN,0.28
2022-03-05,2022,E0,Burnley,Chelsea,A Marriner,HIGH CONFIDENCE,0.8,2.0,2.8,3.0599198,0.17018788,0.8298121,0.7764355276907001,Rolling market,0.05337658177966731,STRONG UNDER,UNDER 4.5,1.29,1.0,2,WIN,0.29000000000000004
2022-03-06,2022,E0,Man City,Man United,M Oliver,HIGH CONFIDENCE,0.4,1.8,2.2,2.3742435,0.10085722,0.8991428,0.7816537842190017,Rolling market,0.11748901754262553,STRONG UNDER,UNDER 4.5,1.28,1.0,1,WIN,0.28
2022-03-10,2022,E0,Leeds,Aston Villa,S Hooper,HIGH CONFIDENCE,3.8,3.0,6.8,2.9540648,0.05165326,0.94834673,0.7882982998454405,Rolling market,0.1600484342014955,STRONG UNDER,UNDER 4.5,1.27,1.0,8,LOSS,-1.0
2022-03-10,2022,E0,Southampton,Newcastle,K Friend,HIGH CONFIDENCE,1.2,2.4,3.5999999999999996,2.872762,0.14218704,0.85781294,0.7840620632816139,Rolling market,0.07375087779275746,STRONG UNDER,UNDER 4.5,1.28,1.0,2,WIN,0.28
2022-03-10,2022,E0,Wolves,Watford,D England,HIGH CONFIDENCE,1.6,1.2,2.8,3.2895608,0.10146954,0.8985305,0.7861774712643679,Rolling market,0.11235301198148173,STRONG UNDER,UNDER 4.5,1.27,1.0,4,WIN,0.27
2022-03-12,2022,E0,Brentford,Burnley,P Tierney,HIGH CONFIDENCE,1.6,1.8,3.4000000000000004,2.9845545,0.14929743,0.8507026,0.788247311827957,Rolling market,0.0624552719618684,STRONG UNDER,UNDER 4.5,1.27,1.0,2,WIN,0.27
2022-03-12,2022,E0,Man United,Tottenham,J Moss,HIGH CONFIDENCE,2.2,1.6,3.8000000000000003,2.7811422,0.1384876,0.8615124,0.7922563212523397,Rolling market,0.06925610130930582,STRONG UNDER,UNDER 4.5,1.26,1.0,3,WIN,0.26
2022-03-13,2022,E0,Southampton,Watford,G Scott,HIGH CONFIDENCE,1.0,1.2,2.2,2.0214932,0.087913156,0.91208684,0.7939113101903695,Rolling market,0.11817553425390537,STRONG UNDER,UNDER 4.5,1.26,1.0,5,LOSS,-1.0
2022-03-14,2022,E0,Crystal Palace,Man City,M Atkinson,HIGH CONFIDENCE,1.2,1.2,2.4,1.3945526,0.012452714,0.9875473,0.7900149953139644,Rolling market,0.1975322830902715,STRONG UNDER,UNDER 4.5,1.27,1.0,4,WIN,0.27
2022-03-16,2022,E0,Brighton,Tottenham,R Jones,HIGH CONFIDENCE,1.8,1.4,3.2,2.5763874,0.04475149,0.95524853,0.7936438707314841,Rolling market,0.16160466394792872,STRONG UNDER,UNDER 4.5,1.26,1.0,4,WIN,0.26
2022-03-18,2022,E0,Wolves,Leeds,K Friend,HIGH CONFIDENCE,2.0,2.2,4.2,3.6862924,0.08519683,0.91480315,0.7971374209710128,Rolling market,0.11766572634496619,STRONG UNDER,UNDER 4.5,1.25,1.0,5,LOSS,-1.0
2022-03-19,2022,E0,Aston Villa,Arsenal,A Madley,HIGH CONFIDENCE,1.4,2.0,3.4,2.580431,0.11076635,0.88923365,0.7916610939112488,Rolling market,0.09757255486575922,STRONG UNDER,UNDER 4.5,1.26,1.0,6,LOSS,-1.0
2022-03-20,2022,E0,Tottenham,West Ham,A Taylor,HIGH CONFIDENCE,2.4,1.4,3.8,3.1087706,0.155382,0.84461796,0.7880494752623688,Rolling market,0.056568487574850446,STRONG UNDER,UNDER 4.5,1.27,1.0,1,WIN,0.27
2022-04-02,2022,E0,Wolves,Aston Villa,D England,HIGH CONFIDENCE,1.8,3.0,4.8,3.6751664,0.025566444,0.97443354,0.7995686368861443,Rolling market,0.17486490441176827,STRONG UNDER,UNDER 4.5,1.25,1.0,7,LOSS,-1.0
2022-04-02,2022,E0,Liverpool,Watford,S Attwell,HIGH CONFIDENCE,0.6,1.2,1.7999999999999998,3.0675645,0.07731216,0.9226878,0.7964189602446483,Rolling market,0.1262688682961537,STRONG UNDER,UNDER 4.5,1.26,1.0,2,WIN,0.26
2022-04-02,2022,E0,Chelsea,Brentford,A Madley,HIGH CONFIDENCE,2.6,1.8,4.4,2.5474741,0.04433304,0.95566696,0.7931592132793974,Rolling market,0.16250774600633866,STRONG UNDER,UNDER 4.5,1.26,1.0,0,WIN,0.26
2022-04-03,2022,E0,Tottenham,Newcastle,M Atkinson,HIGH CONFIDENCE,1.6,1.8,3.4000000000000004,2.3311865,0.10022796,0.89977205,0.7945290476190476,Rolling market,0.10524300037747336,STRONG UNDER,UNDER 4.5,1.26,1.0,5,LOSS,-1.0
2022-04-09,2022,E0,Watford,Leeds,A Marriner,HIGH CONFIDENCE,1.2,2.6,3.8,3.3753443,0.026039133,0.9739609,0.789379150355227,Rolling market,0.18458172610961676,STRONG UNDER,UNDER 4.5,1.27,1.0,2,WIN,0.27
2022-04-09,2022,E0,Aston Villa,Tottenham,G Scott,HIGH CONFIDENCE,1.4,1.6,3.0,2.7908971,0.15256979,0.8474302,0.7910156549441251,Rolling market,0.05641457424288665,STRONG UNDER,UNDER 4.5,1.26,1.0,5,LOSS,-1.0
2022-04-09,2022,E0,Arsenal,Brighton,D Coote,HIGH CONFIDENCE,0.4,1.2,1.6,2.5719903,0.07578526,0.9242147,0.7957869281045752,Rolling market,0.128427792621438,STRONG UNDER,UNDER 4.5,1.26,1.0,7,LOSS,-1.0
2022-04-10,2022,E0,Brentford,West Ham,M Atkinson,HIGH CONFIDENCE,1.4,1.4,2.8,2.4567504,0.062437598,0.9375624,0.7908741414383151,Rolling market,0.1466882646247647,STRONG UNDER,UNDER 4.5,1.26,1.0,1,WIN,0.26
2022-04-10,2022,E0,Leicester,Crystal Palace,R Jones,HIGH CONFIDENCE,0.8,1.6,2.4000000000000004,1.9065934,0.05938893,0.94061106,0.7923464410154306,Rolling market,0.1482646234186209,STRONG UNDER,UNDER 4.5,1.26,1.0,2,WIN,0.26
2022-04-10,2022,E0,Man City,Liverpool,A Taylor,HIGH CONFIDENCE,0.2,1.2,1.4,2.243116,0.07545459,0.9245454,0.7937965910691647,Rolling market,0.13074881622606238,STRONG UNDER,UNDER 4.5,1.26,1.0,5,LOSS,-1.0
2022-04-16,2022,E0,Man United,Norwich,A Madley,HIGH CONFIDENCE,2.2,1.2,3.4000000000000004,2.6380973,0.034267303,0.9657327,0.7907391434561246,Rolling market,0.17499355021605556,STRONG UNDER,UNDER 4.5,1.26,1.0,0,WIN,0.26
2022-04-16,2022,E0,Watford,Brentford,S Hooper,HIGH CONFIDENCE,1.6,1.6,3.2,2.695523,0.03057978,0.9694202,0.7892002509297845,Rolling market,0.18021994369606997,STRONG UNDER,UNDER 4.5,1.27,1.0,3,WIN,0.27
2022-04-17,2022,E0,West Ham,Burnley,P Tierney,HIGH CONFIDENCE,1.4,2.0,3.4,2.8880432,0.1090073,0.8909927,0.7919999120047518,Rolling market,0.09899278904886755,STRONG UNDER,UNDER 4.5,1.26,1.0,4,WIN,0.26
2022-04-19,2022,E0,Liverpool,Man United,M Atkinson,HIGH CONFIDENCE,0.8,1.4,2.2,3.0604339,0.044424113,0.9555759,0.7933701329845215,Rolling market,0.16220575040399776,STRONG UNDER,UNDER 4.5,1.26,1.0,3,WIN,0.26
2022-04-20,2022,E0,Chelsea,Arsenal,J Moss,HIGH CONFIDENCE,2.2,2.2,4.4,2.0513222,0.051837485,0.9481625,0.7947211995506007,Rolling market,0.15344129653933458,STRONG UNDER,UNDER 4.5,1.26,1.0,4,WIN,0.26
2022-04-23,2022,E0,Norwich,Newcastle,C Kavanagh,HIGH CONFIDENCE,0.8,1.8,2.6,3.1260304,0.07577327,0.92422676,0.7955309159924083,Rolling market,0.12869584487184949,STRONG UNDER,UNDER 4.5,1.26,1.0,2,WIN,0.26
2022-04-23,2022,E0,Man City,Watford,K Friend,HIGH CONFIDENCE,0.2,1.4,1.5999999999999999,2.065005,0.067277566,0.93272245,0.7942656350741457,Rolling market,0.13845681422852762,STRONG UNDER,UNDER 4.5,1.26,1.0,1,WIN,0.26
2022-04-23,2022,E0,Leicester,Aston Villa,A Madley,HIGH CONFIDENCE,0.8,3.0,3.8,2.6306338,0.03229026,0.9677097,0.7983299735826052,Rolling market,0.16937974655212995,STRONG UNDER,UNDER 4.5,1.25,1.0,5,LOSS,-1.0
2022-04-23,2022,E0,Brentford,Tottenham,M Atkinson,HIGH CONFIDENCE,1.4,1.6,3.0,2.7245753,0.08855799,0.91144204,0.797066346922462,Rolling market,0.1143756944746327,STRONG UNDER,UNDER 4.5,1.25,1.0,3,WIN,0.25
2022-04-24,2022,E0,Chelsea,West Ham,M Oliver,HIGH CONFIDENCE,2.0,1.2,3.2,3.1069689,0.084603235,0.91539675,0.799229768166764,Rolling market,0.11616698180653307,STRONG UNDER,UNDER 4.5,1.25,1.0,1,WIN,0.25
2022-04-24,2022,E0,Burnley,Wolves,A Taylor,HIGH CONFIDENCE,1.6,0.8,2.4000000000000004,2.8488,0.10776607,0.8922339,0.7980126512651265,Rolling market,0.09422125691129557,STRONG UNDER,UNDER 4.5,1.25,1.0,4,WIN,0.25
2022-04-30,2022,E0,Watford,Burnley,C Pawson,HIGH CONFIDENCE,2.0,2.0,4.0,2.094712,0.038202386,0.9617976,0.7985836345711469,Rolling market,0.163213960452962,STRONG UNDER,UNDER 4.5,1.25,1.0,3,WIN,0.25
2022-04-30,2022,E0,Newcastle,Liverpool,A Marriner,HIGH CONFIDENCE,1.6,1.6,3.2,3.5210018,0.15060239,0.8493976,0.7962462017919751,Rolling market,0.0531513979051379,STRONG UNDER,UNDER 4.5,1.26,1.0,4,WIN,0.26
2022-05-01,2022,E0,Tottenham,Leicester,J Moss,HIGH CONFIDENCE,2.0,1.8,3.8,2.135082,0.042470872,0.9575291,0.7971464997681966,Rolling market,0.1603826278296122,STRONG UNDER,UNDER 4.5,1.25,1.0,5,LOSS,-1.0
2022-05-07,2022,E0,Brighton,Man United,A Madley,HIGH CONFIDENCE,2.2,2.4,4.6,2.6234763,0.07996356,0.92003644,0.796882918395574,Rolling market,0.12315351673168429,STRONG UNDER,UNDER 4.5,1.25,1.0,2,WIN,0.25
2022-05-07,2022,E0,Burnley,Aston Villa,D Coote,HIGH CONFIDENCE,2.0,2.6,4.6,1.8984448,0.014739821,0.9852602,0.7979941662949109,Rolling market,0.1872660222846484,STRONG UNDER,UNDER 4.5,1.25,1.0,3,WIN,0.25
2022-05-07,2022,E0,Crystal Palace,Watford,G Scott,HIGH CONFIDENCE,1.2,1.0,2.2,1.9394943,0.055348575,0.9446514,0.8001790126586558,Rolling market,0.14447241222614038,STRONG UNDER,UNDER 4.5,1.25,1.0,3,WIN,0.25
2022-05-07,2022,E0,Liverpool,Tottenham,M Oliver,HIGH CONFIDENCE,1.2,1.8,3.0,3.2026901,0.11199069,0.8880093,0.8012530613614253,Rolling market,0.08675624840725149,STRONG UNDER,UNDER 4.5,1.25,1.0,5,LOSS,-1.0
2022-05-08,2022,E0,Man City,Newcastle,S Attwell,HIGH CONFIDENCE,0.4,2.0,2.4,3.3655124,0.05766119,0.9423388,0.7998577639242065,Rolling market,0.14248106034794927,STRONG UNDER,UNDER 4.5,1.25,1.0,4,WIN,0.25
2022-05-08,2022,E0,Leicester,Everton,C Pawson,HIGH CONFIDENCE,1.4,2.0,3.4,2.3633265,0.0961356,0.9038644,0.7987938916158461,Rolling market,0.10507049208166364,STRONG UNDER,UNDER 4.5,1.25,1.0,3,WIN,0.25
2022-05-10,2022,E0,Aston Villa,Liverpool,J Moss,HIGH CONFIDENCE,2.2,2.0,4.2,2.2478871,0.09082274,0.90917724,0.8019508196721311,Rolling market,0.1072264240374331,STRONG UNDER,UNDER 4.5,1.25,1.0,0,WIN,0.25
2022-05-11,2022,E0,Leicester,Norwich,S Hooper,HIGH CONFIDENCE,1.8,1.0,2.8,3.1069014,0.06913798,0.930862,0.8039989483244897,Rolling market,0.12686306120080937,STRONG UNDER,UNDER 4.5,1.24,1.0,0,WIN,0.24
2022-05-11,2022,E0,Watford,Everton,M Dean,HIGH CONFIDENCE,1.6,1.6,3.2,3.256968,0.1010719,0.8989281,0.8050066445182724,Rolling market,0.09392146131287382,STRONG UNDER,UNDER 4.5,1.24,1.0,3,WIN,0.24
2022-05-11,2022,E0,Wolves,Man City,M Atkinson,HIGH CONFIDENCE,1.8,1.4,3.2,2.4259233,0.048548598,0.9514514,0.8060036755466198,Rolling market,0.1454477452373768,STRONG UNDER,UNDER 4.5,1.24,1.0,1,WIN,0.24
2022-05-15,2022,E0,Tottenham,Burnley,K Friend,HIGH CONFIDENCE,1.6,1.6,3.2,3.0593667,0.050889783,0.9491102,0.8065460279913267,Rolling market,0.14256418195053733,STRONG UNDER,UNDER 4.5,1.24,1.0,5,LOSS,-1.0
2022-05-15,2022,E0,West Ham,Man City,A Taylor,HIGH CONFIDENCE,1.4,1.2,2.5999999999999996,2.311355,0.021036714,0.97896326,0.8042079557350083,Rolling market,0.17475530014725493,STRONG UNDER,UNDER 4.5,1.24,1.0,4,WIN,0.24
2022-05-17,2022,E0,Southampton,Liverpool,M Atkinson,HIGH CONFIDENCE,1.6,1.8,3.4000000000000004,2.1093423,0.05080179,0.9491982,0.8070611933957427,Rolling market,0.14213699300180982,STRONG UNDER,UNDER 4.5,1.24,1.0,2,WIN,0.24
2022-05-19,2022,E0,Chelsea,Leicester,S Attwell,HIGH CONFIDENCE,1.8,1.8,3.6,3.515921,0.1200243,0.8799757,0.8089164041046395,Rolling market,0.07105927243192056,STRONG UNDER,UNDER 4.5,1.24,1.0,5,LOSS,-1.0
2022-05-19,2022,E0,Everton,Crystal Palace,A Taylor,HIGH CONFIDENCE,2.0,2.2,4.2,3.1559331,0.104584485,0.89541554,0.8057099788965933,Rolling market,0.08970556561329435,STRONG UNDER,UNDER 4.5,1.24,1.0,5,LOSS,-1.0
2022-05-22,2022,E0,Brighton,West Ham,K Friend,HIGH CONFIDENCE,1.4,0.8,2.2,3.0996752,0.13758865,0.8624114,0.8043978667116966,Rolling market,0.0580135131024514,STRONG UNDER,UNDER 4.5,1.24,1.0,2,WIN,0.24
2022-05-22,2022,E0,Brentford,Leeds,P Tierney,HIGH CONFIDENCE,1.2,2.0,3.2,1.9134196,0.023423396,0.9765766,0.8034708615463071,Rolling market,0.17310576475450468,STRONG UNDER,UNDER 4.5,1.24,1.0,3,WIN,0.24
2022-05-22,2022,E0,Burnley,Newcastle,C Pawson,HIGH CONFIDENCE,1.8,2.4,4.2,2.809002,0.03328418,0.9667158,0.8053159712029077,Rolling market,0.16139984148019781,STRONG UNDER,UNDER 4.5,1.24,1.0,1,WIN,0.24
2022-05-22,2022,E0,Leicester,Southampton,J Moss,HIGH CONFIDENCE,1.6,1.0,2.6,2.2284377,0.044627033,0.955373,0.8040341585108425,Rolling market,0.15133883066686138,STRONG UNDER,UNDER 4.5,1.24,1.0,1,WIN,0.24
2022-05-22,2022,E0,Liverpool,Wolves,A Taylor,HIGH CONFIDENCE,1.8,1.2,3.0,1.7337235,0.03552305,0.96447694,0.8049366871399584,Rolling market,0.15954025587609388,STRONG UNDER,UNDER 4.5,1.24,1.0,1,WIN,0.24
2022-05-22,2022,E0,Man City,Aston Villa,M Oliver,HIGH CONFIDENCE,0.6,2.0,2.6,2.4757943,0.025682984,0.974317,0.8058307827616535,Rolling market,0.16848623145572317,STRONG UNDER,UNDER 4.5,1.24,1.0,1,WIN,0.24
2022-05-22,2022,E0,Norwich,Tottenham,C Kavanagh,HIGH CONFIDENCE,0.8,1.8,2.6,2.5253701,0.056741517,0.94325846,0.8067165712134657,Rolling market,0.13654189312292953,STRONG UNDER,UNDER 4.5,1.24,1.0,4,WIN,0.24
2022-05-22,2022,E0,Crystal Palace,Man United,M Atkinson,HIGH CONFIDENCE,1.4,2.2,3.6,2.5864968,0.047085248,0.9529148,0.8071260209713024,Rolling market,0.14578875344657483,STRONG UNDER,UNDER 4.5,1.24,1.0,6,LOSS,-1.0
2022-08-05,2022,E0,Crystal Palace,Arsenal,A Taylor,HIGH CONFIDENCE,1.8,2.0,3.8,3.4456177,0.12090446,0.87909555,0.807594175794817,Rolling market,0.07150137855698968,STRONG UNDER,UNDER 4.5,1.24,1.0,3,WIN,0.24
2022-08-06,2022,E0,Fulham,Liverpool,A Madley,HIGH CONFIDENCE,1.0,1.6,2.6,3.380576,0.036491703,0.9635083,0.8024649541284403,Rolling market,0.16104335380536705,STRONG UNDER,UNDER 4.5,1.25,1.0,2,WIN,0.25
2022-08-06,2022,E0,Leeds,Wolves,R Jones,HIGH CONFIDENCE,1.8,1.2,3.0,2.2723074,0.0215907,0.9784093,0.8033458883592509,Rolling market,0.1750634019544698,STRONG UNDER,UNDER 4.5,1.24,1.0,2,WIN,0.24
2022-08-07,2022,E0,West Ham,Man City,M Oliver,HIGH CONFIDENCE,1.8,1.0,2.8,1.9542289,0.07205594,0.92794406,0.8038788238413271,Rolling market,0.12406524029899269,STRONG UNDER,UNDER 4.5,1.24,1.0,1,WIN,0.24
2022-08-13,2022,E0,Brentford,Man United,S Attwell,HIGH CONFIDENCE,1.0,2.8,3.8,2.3086123,0.043296494,0.9567035,0.8027049607060516,Rolling market,0.15399852335232855,STRONG UNDER,UNDER 4.5,1.25,1.0,4,WIN,0.25
2022-08-15,2022,E0,Liverpool,Crystal Palace,P Tierney,HIGH CONFIDENCE,1.6,2.2,3.8000000000000003,3.347809,0.116994806,0.8830052,0.7976828555127657,Rolling market,0.0853223463037931,STRONG UNDER,UNDER 4.5,1.25,1.0,6,LOSS,-1.0
2022-08-20,2022,E0,Tottenham,Wolves,S Hooper,HIGH CONFIDENCE,2.4,1.0,3.4,3.073078,0.14298102,0.85701895,0.7885938601021404,Rolling market,0.06842508749917797,STRONG UNDER,UNDER 4.5,1.27,1.0,4,WIN,0.27
2022-08-20,2022,E0,Crystal Palace,Aston Villa,A Madley,HIGH CONFIDENCE,1.4,2.2,3.6,2.5974984,0.15201524,0.8479848,0.7957919862796462,Rolling market,0.05219280452235575,STRONG UNDER,UNDER 4.5,1.26,1.0,3,WIN,0.26
2022-08-21,2022,E0,West Ham,Brighton,A Taylor,HIGH CONFIDENCE,1.6,2.0,3.6,3.4710064,0.100819044,0.89918095,0.7876800451212634,Rolling market,0.11150090361302001,STRONG UNDER,UNDER 4.5,1.27,1.0,2,WIN,0.27
2022-08-22,2022,E0,Man United,Liverpool,M Oliver,HIGH CONFIDENCE,1.4,1.4,2.8,3.4199631,0.15209015,0.84790987,0.7885310631806813,Rolling market,0.05937880458283795,STRONG UNDER,UNDER 4.5,1.27,1.0,4,WIN,0.27
2022-08-30,2022,E0,Crystal Palace,Brentford,S Hooper,HIGH CONFIDENCE,1.8,1.2,3.0,2.6225264,0.14460066,0.85539937,0.7875380801687764,Rolling market,0.06786129002470509,STRONG UNDER,UNDER 4.5,1.27,1.0,3,WIN,0.27
2022-09-03,2022,E0,Chelsea,West Ham,A Madley,HIGH CONFIDENCE,1.8,0.6,2.4,3.4674835,0.12239382,0.87760615,0.7874028527904722,Rolling market,0.090203300697687,STRONG UNDER,UNDER 4.5,1.27,1.0,6,LOSS,-1.0
2022-09-03,2022,E0,Aston Villa,Man City,S Hooper,HIGH CONFIDENCE,1.4,1.4,2.8,3.0801017,0.11641198,0.883588,0.7858318388564003,Rolling market,0.09775617717677232,STRONG UNDER,UNDER 4.5,1.27,1.0,2,WIN,0.27
2022-09-03,2022,E0,Brentford,Leeds,R Jones,HIGH CONFIDENCE,1.2,2.2,3.4000000000000004,2.070694,0.04607323,0.95392674,0.7866202219482121,Rolling market,0.16730652012866165,STRONG UNDER,UNDER 4.5,1.27,1.0,4,WIN,0.27
2022-09-18,2022,E0,Brentford,Arsenal,D Coote,HIGH CONFIDENCE,1.2,2.4,3.5999999999999996,3.176049,0.09887963,0.90112036,0.7819758315984271,Rolling market,0.11914453306755801,STRONG UNDER,UNDER 4.5,1.28,1.0,2,WIN,0.28
2022-10-01,2022,E0,Liverpool,Brighton,A Madley,HIGH CONFIDENCE,1.2,1.0,2.2,2.5193458,0.05040067,0.9495993,0.7864608904933814,Rolling market,0.16313843516350945,STRONG UNDER,UNDER 4.5,1.27,1.0,2,WIN,0.27
2022-10-08,2022,E0,Man City,Southampton,A Madley,HIGH CONFIDENCE,0.2,1.4,1.5999999999999999,1.8853399,0.02912216,0.9708778,0.7871101083032491,Rolling market,0.18376771791058755,STRONG UNDER,UNDER 4.5,1.27,1.0,1,WIN,0.27
2022-10-09,2022,E0,West Ham,Fulham,C Kavanagh,HIGH CONFIDENCE,1.8,3.4,5.2,2.3790143,0.12889332,0.8711067,0.7877678123295145,Rolling market,0.08333887187840172,STRONG UNDER,UNDER 4.5,1.27,1.0,4,WIN,0.27
2022-10-09,2022,E0,Crystal Palace,Leeds,P Tierney,HIGH CONFIDENCE,1.4,2.2,3.6,3.0772104,0.056603096,0.9433969,0.789214997458058,Rolling market,0.1541819284681505,STRONG UNDER,UNDER 4.5,1.27,1.0,6,LOSS,-1.0
2022-10-15,2022,E0,Tottenham,Everton,P Tierney,HIGH CONFIDENCE,2.4,1.8,4.2,2.7422266,0.12139115,0.8786088,0.7884041975814716,Rolling market,0.09020462524109918,STRONG UNDER,UNDER 4.5,1.27,1.0,5,LOSS,-1.0
2022-10-16,2022,E0,Man United,Newcastle,C Pawson,HIGH CONFIDENCE,2.2,1.2,3.4000000000000004,2.2281835,0.15537088,0.8446291,0.7890203316510455,Rolling market,0.05560877725474678,STRONG UNDER,UNDER 4.5,1.27,1.0,4,WIN,0.27
2022-10-16,2022,E0,Liverpool,Man City,A Taylor,HIGH CONFIDENCE,0.8,1.0,1.8,1.9910631,0.16113214,0.83886784,0.7883488254182863,Rolling market,0.050519017732806204,STRONG UNDER,UNDER 4.5,1.27,1.0,4,WIN,0.27
2022-10-18,2022,E0,Brighton,Nott'm Forest,D England,HIGH CONFIDENCE,1.4,2.4,3.8,2.3675866,0.06467947,0.9353205,0.7903509632557808,Rolling market,0.14496953330336226,STRONG UNDER,UNDER 4.5,1.27,1.0,4,WIN,0.27
2022-10-19,2022,E0,Man United,Tottenham,S Hooper,HIGH CONFIDENCE,2.8,1.8,4.6,3.3139994,0.08871114,0.91128886,0.7936071824876425,Rolling market,0.11768167497237947,STRONG UNDER,UNDER 4.5,1.26,1.0,1,WIN,0.26
2022-10-19,2022,E0,Brentford,Chelsea,J Gillett,HIGH CONFIDENCE,1.4,2.0,3.4,3.220637,0.084869675,0.9151303,0.7923165609584214,Rolling market,0.12281375625272972,STRONG UNDER,UNDER 4.5,1.26,1.0,0,WIN,0.26
2022-10-19,2022,E0,Liverpool,West Ham,S Attwell,HIGH CONFIDENCE,1.2,1.0,2.2,2.6491163,0.072345145,0.92765486,0.7929638238664266,Rolling market,0.13469103853744302,STRONG UNDER,UNDER 4.5,1.26,1.0,0,WIN,0.26
2022-10-22,2022,E0,Man City,Brighton,C Pawson,HIGH CONFIDENCE,0.2,0.8,1.0,3.1723723,0.09117198,0.908828,0.7894801692226335,Rolling market,0.11934785087319166,STRONG UNDER,UNDER 4.5,1.27,1.0,4,WIN,0.27
2022-10-22,2022,E0,Nott'm Forest,Liverpool,P Tierney,HIGH CONFIDENCE,3.4,1.0,4.4,2.8500717,0.15906708,0.8409329,0.7901203998285161,Rolling market,0.050812505845464595,STRONG UNDER,UNDER 4.5,1.27,1.0,3,WIN,0.27
2022-10-24,2022,E0,West Ham,Bournemouth,D Coote,HIGH CONFIDENCE,1.4,1.4,2.8,2.5938025,0.06693949,0.9330605,0.7913013333333334,Rolling market,0.14175919351450594,STRONG UNDER,UNDER 4.5,1.26,1.0,2,WIN,0.26
2022-10-29,2022,E0,Bournemouth,Tottenham,A Taylor,HIGH CONFIDENCE,1.4,1.8,3.2,3.5478327,0.10681307,0.8931869,0.7919233518607671,Rolling market,0.10126357498096872,STRONG UNDER,UNDER 4.5,1.26,1.0,3,WIN,0.26
2022-10-29,2022,E0,Leicester,Man City,R Jones,HIGH CONFIDENCE,1.8,1.0,2.8,2.6192832,0.055293117,0.94470686,0.7899026406527746,Rolling market,0.15480421655166265,STRONG UNDER,UNDER 4.5,1.27,1.0,0,WIN,0.27
2022-10-30,2022,E0,Arsenal,Nott'm Forest,S Hooper,HIGH CONFIDENCE,1.6,2.0,3.6,1.9072863,0.058204554,0.94179547,0.7917383177570093,Rolling market,0.150057150573374,STRONG UNDER,UNDER 4.5,1.26,1.0,1,WIN,0.26
2022-11-05,2022,E0,Man City,Fulham,D England,HIGH CONFIDENCE,0.4,3.0,3.4,3.4266415,0.028059939,0.97194004,0.7941383783783784,Rolling market,0.1778016622100005,STRONG UNDER,UNDER 4.5,1.26,1.0,6,LOSS,-1.0
2022-11-05,2022,E0,Nott'm Forest,Brentford,A Marriner,HIGH CONFIDENCE,3.0,1.4,4.4,2.316865,0.06727407,0.9327259,0.7922470412057389,Rolling market,0.14047886516633146,STRONG UNDER,UNDER 4.5,1.26,1.0,4,WIN,0.26
2022-11-12,2022,E0,Bournemouth,Everton,C Pawson,HIGH CONFIDENCE,1.2,2.8,4.0,2.755219,0.051794663,0.94820535,0.7914738175675676,Rolling market,0.15673153426196118,STRONG UNDER,UNDER 4.5,1.26,1.0,2,WIN,0.26
2022-11-12,2022,E0,Man City,Brentford,P Bankes,HIGH CONFIDENCE,0.6,1.4,2.0,2.8187797,0.07595196,0.92404807,0.7926427949340159,Rolling market,0.1314052712052053,STRONG UNDER,UNDER 4.5,1.26,1.0,4,WIN,0.26
2022-12-26,2022,E0,Southampton,Brighton,R Jones,HIGH CONFIDENCE,1.6,1.2,2.8,3.1659415,0.07373596,0.92626405,0.7888071683506762,Rolling market,0.13745687927200445,STRONG UNDER,UNDER 4.5,1.27,1.0,3,WIN,0.27
2022-12-26,2022,E0,Crystal Palace,Fulham,A Madley,HIGH CONFIDENCE,2.2,3.2,5.4,3.5260317,0.09987163,0.90012836,0.7894377865532218,Rolling market,0.11069057800976645,STRONG UNDER,UNDER 4.5,1.27,1.0,0,WIN,0.27
2022-12-26,2022,E0,Brentford,Tottenham,D Coote,HIGH CONFIDENCE,1.6,2.0,3.6,3.6899786,0.08686365,0.91313636,0.7888633722786184,Rolling market,0.12427299075086162,STRONG UNDER,UNDER 4.5,1.27,1.0,4,WIN,0.27
2022-12-27,2022,E0,Chelsea,Bournemouth,S Hooper,HIGH CONFIDENCE,2.6,1.4,4.0,3.3898604,0.11202613,0.88797385,0.7893757846972305,Rolling market,0.09859806030780494,STRONG UNDER,UNDER 4.5,1.27,1.0,0,WIN,0.27
2022-12-27,2022,E0,Man United,Nott'm Forest,A Taylor,HIGH CONFIDENCE,2.2,1.8,4.0,2.6900434,0.122538365,0.8774616,0.7899414863441122,Rolling market,0.08752012588046665,STRONG UNDER,UNDER 4.5,1.27,1.0,4,WIN,0.27
2022-12-28,2022,E0,Leeds,Man City,S Attwell,HIGH CONFIDENCE,1.8,0.8,2.6,2.8430662,0.06516906,0.93483096,0.7905042970690512,Rolling market,0.14432666654255155,STRONG UNDER,UNDER 4.5,1.27,1.0,6,LOSS,-1.0
2022-12-31,2022,E0,Bournemouth,Crystal Palace,A Marriner,HIGH CONFIDENCE,1.2,2.4,3.5999999999999996,3.521737,0.09938753,0.9006125,0.7898748780263279,Rolling market,0.11073759546152606,STRONG UNDER,UNDER 4.5,1.27,1.0,5,LOSS,-1.0
2022-12-31,2022,E0,Man City,Everton,A Madley,HIGH CONFIDENCE,1.0,2.2,3.2,2.7079241,0.0341749,0.9658251,0.7869712784864642,Rolling market,0.17885380238511783,STRONG UNDER,UNDER 4.5,1.27,1.0,7,LOSS,-1.0
2023-01-01,2023,E0,Nott'm Forest,Chelsea,P Bankes,HIGH CONFIDENCE,2.0,2.0,4.0,2.820709,0.09954313,0.90045685,0.7957575757575758,Rolling market,0.10469927000276968,STRONG UNDER,UNDER 4.5,1.26,1.0,4,WIN,0.26
2023-01-02,2023,E0,Brentford,Liverpool,S Attwell,HIGH CONFIDENCE,1.8,1.0,2.8,3.4047742,0.2623525,0.73764753,0.6163066954643628,Rolling market,0.12134083795238526,STRONG UNDER,UNDER 4.5,1.62,1.0,4,WIN,0.6200000000000001
2023-01-03,2023,E0,Arsenal,Newcastle,A Madley,HIGH CONFIDENCE,1.0,0.6,1.6,2.3686044,0.13791385,0.8620862,0.7290658036677454,Rolling market,0.133020373204508,STRONG UNDER,UNDER 4.5,1.37,1.0,8,LOSS,-1.0
2023-01-03,2023,E0,Everton,Brighton,A Marriner,HIGH CONFIDENCE,1.8,1.4,3.2,3.505916,0.1340747,0.8659253,0.6160991379310344,Rolling market,0.2498261741112019,STRONG UNDER,UNDER 4.5,1.62,1.0,4,WIN,0.6200000000000001
2023-01-03,2023,E0,Man United,Bournemouth,M Salisbury,HIGH CONFIDENCE,2.2,1.2,3.4000000000000004,2.7555323,0.26609716,0.7339028,0.6158924731182795,Rolling market,0.1180103388858098,STRONG UNDER,UNDER 4.5,1.62,1.0,3,WIN,0.6200000000000001
2023-01-04,2023,E0,Leeds,West Ham,D Coote,HIGH CONFIDENCE,1.8,1.4,3.2,3.4328892,0.11234984,0.88765013,0.7288360128617364,Rolling market,0.15881411931752387,STRONG UNDER,UNDER 4.5,1.37,1.0,4,WIN,0.3700000000000001
2023-01-14,2023,E0,Man United,Man City,S Attwell,HIGH CONFIDENCE,1.6,1.0,2.6,3.5251026,0.08562015,0.91437984,0.7954533975120335,Rolling market,0.1189264376167507,STRONG UNDER,UNDER 4.5,1.26,1.0,3,WIN,0.26
2023-01-21,2023,E0,Southampton,Aston Villa,M Salisbury,HIGH CONFIDENCE,1.4,3.2,4.6,2.0841715,0.04032805,0.959672,0.7912703983789846,Rolling market,0.1684015758031443,STRONG UNDER,UNDER 4.5,1.26,1.0,3,WIN,0.26
2023-01-21,2023,E0,Bournemouth,Nott'm Forest,A Madley,HIGH CONFIDENCE,1.8,1.4,3.2,2.5347035,0.045000017,0.955,0.7922257534246576,Rolling market,0.16277422988604184,STRONG UNDER,UNDER 4.5,1.26,1.0,3,WIN,0.26
2023-02-04,2023,E0,Wolves,Liverpool,P Tierney,HIGH CONFIDENCE,1.6,1.4,3.0,2.8549657,0.11780363,0.88219637,0.8099834368530021,Rolling market,0.07221292993395467,STRONG UNDER,UNDER 4.5,1.23,1.0,2,WIN,0.22999999999999998
2023-02-05,2023,E0,Nott'm Forest,Leeds,R Jones,HIGH CONFIDENCE,1.6,2.0,3.6,2.6631207,0.08676461,0.91323537,0.8134402732017026,Rolling market,0.09979509314274926,STRONG UNDER,UNDER 4.5,1.23,1.0,6,LOSS,-1.0
2023-02-11,2023,E0,West Ham,Chelsea,C Pawson,HIGH CONFIDENCE,1.2,2.0,3.2,3.4690459,0.1566282,0.8433718,0.7718483606557377,Rolling market,0.07152344787316245,STRONG UNDER,UNDER 4.5,1.3,1.0,2,WIN,0.30000000000000004
2023-02-11,2023,E0,Southampton,Wolves,J Gillett,HIGH CONFIDENCE,1.4,3.0,4.4,2.8592367,0.12768157,0.87231845,0.7681913725490197,Rolling market,0.10412707408718025,STRONG UNDER,UNDER 4.5,1.3,1.0,4,WIN,0.30000000000000004
2023-02-11,2023,E0,Arsenal,Brentford,P Bankes,HIGH CONFIDENCE,1.2,1.2,2.4,3.3445928,0.1298217,0.8701783,0.7927890632003586,Rolling market,0.0773892190605362,STRONG UNDER,UNDER 4.5,1.26,1.0,2,WIN,0.26
2023-02-11,2023,E0,Bournemouth,Newcastle,S Attwell,HIGH CONFIDENCE,1.8,1.6,3.4000000000000004,3.1424887,0.07596441,0.9240356,0.7963165852268993,Rolling market,0.12771902354156384,STRONG UNDER,UNDER 4.5,1.26,1.0,5,LOSS,-1.0
2023-02-11,2023,E0,Fulham,Nott'm Forest,A Madley,HIGH CONFIDENCE,1.6,1.4,3.0,2.917329,0.056671806,0.9433282,0.7746098957568639,Rolling market,0.16871830601391857,STRONG UNDER,UNDER 4.5,1.29,1.0,1,WIN,0.29000000000000004
2023-02-13,2023,E0,Liverpool,Everton,S Hooper,HIGH CONFIDENCE,0.6,2.0,2.6,2.324127,0.108856894,0.8911431,0.7820396322778345,Rolling market,0.10910345129455323,STRONG UNDER,UNDER 4.5,1.28,1.0,4,WIN,0.28
2023-02-18,2023,E0,Nott'm Forest,Man City,G Scott,HIGH CONFIDENCE,2.0,1.8,3.8,3.56496,0.06063944,0.93936056,0.7601904761904763,Rolling market,0.1791700827961875,STRONG UNDER,UNDER 4.5,1.32,1.0,1,WIN,0.32000000000000006
2023-02-18,2023,E0,Newcastle,Liverpool,A Taylor,HIGH CONFIDENCE,2.0,1.4,3.4,3.3368363,0.072545156,0.9274548,0.7569873715893476,Rolling market,0.17046745762665583,STRONG UNDER,UNDER 4.5,1.32,1.0,2,WIN,0.32000000000000006
2023-02-24,2023,E0,Fulham,Wolves,M Oliver,HIGH CONFIDENCE,1.2,3.2,4.4,2.7888043,0.15349565,0.84650433,0.7616143500459359,Rolling market,0.08488998058913488,STRONG UNDER,UNDER 4.5,1.31,1.0,2,WIN,0.31000000000000005
2023-02-25,2023,E0,Leicester,Arsenal,C Pawson,HIGH CONFIDENCE,1.4,1.8,3.2,3.7066944,0.1877859,0.81221414,0.7558534136546184,Rolling market,0.05636072246903878,STRONG UNDER,UNDER 4.5,1.32,1.0,1,WIN,0.32000000000000006
2023-02-25,2023,E0,West Ham,Nott'm Forest,J Gillett,HIGH CONFIDENCE,1.4,1.4,2.8,2.5453262,0.10750082,0.8924992,0.7586415685412401,Rolling market,0.1338576399090773,STRONG UNDER,UNDER 4.5,1.32,1.0,0,WIN,0.32000000000000006
2023-02-25,2023,E0,Bournemouth,Man City,P Tierney,HIGH CONFIDENCE,2.0,1.2,3.2,3.0787518,0.08938852,0.9106115,0.7645208728652751,Rolling market,0.1460906374115193,STRONG UNDER,UNDER 4.5,1.31,1.0,4,WIN,0.31000000000000005
2023-02-25,2023,E0,Crystal Palace,Liverpool,D England,HIGH CONFIDENCE,2.0,1.6,3.6,3.2758617,0.111856736,0.88814324,0.7673455054949867,Rolling market,0.12079773591050036,STRONG UNDER,UNDER 4.5,1.3,1.0,7,LOSS,-1.0
2023-03-01,2023,E0,Liverpool,Wolves,P Tierney,HIGH CONFIDENCE,0.8,2.6,3.4000000000000004,3.0737085,0.14570157,0.8542984,0.7573197894736843,Rolling market,0.09697862332615093,STRONG UNDER,UNDER 4.5,1.32,1.0,5,LOSS,-1.0
2023-03-04,2023,E0,Brighton,West Ham,S Attwell,HIGH CONFIDENCE,1.8,1.4,3.2,3.236805,0.10442571,0.8955743,0.7471712962378686,Rolling market,0.14840297544105596,STRONG UNDER,UNDER 4.5,1.34,1.0,3,WIN,0.3400000000000001
2023-03-05,2023,E0,Liverpool,Man United,A Madley,HIGH CONFIDENCE,1.2,1.8,3.0,2.8391414,0.18855774,0.81144226,0.7430119047619047,Rolling market,0.06843035121191121,STRONG UNDER,UNDER 4.5,1.35,1.0,5,LOSS,-1.0
2023-03-05,2023,E0,Nott'm Forest,Everton,J Brooks,HIGH CONFIDENCE,1.8,2.0,3.8,3.0494416,0.09596774,0.90403223,0.737246802308634,Rolling market,0.16678542806856322,STRONG UNDER,UNDER 4.5,1.36,1.0,8,LOSS,-1.0
2023-03-06,2023,E0,Brentford,Fulham,A Taylor,HIGH CONFIDENCE,1.6,3.6,5.2,3.0433116,0.08631317,0.9136868,0.7316099470412157,Rolling market,0.18207686488276498,STRONG UNDER,UNDER 4.5,1.37,1.0,3,WIN,0.3700000000000001
2023-03-11,2023,E0,Bournemouth,Liverpool,J Brooks,HIGH CONFIDENCE,2.2,2.6,4.800000000000001,3.745314,0.14036883,0.8596312,0.7342270882362973,Rolling market,0.1254040925269473,STRONG UNDER,UNDER 4.5,1.36,1.0,3,WIN,0.3600000000000001
2023-03-15,2023,E0,Southampton,Brentford,M Salisbury,HIGH CONFIDENCE,2.0,1.4,3.4,2.680246,0.11543155,0.88456845,0.75959686888454,Rolling market,0.12497158395054297,STRONG UNDER,UNDER 4.5,1.32,1.0,3,WIN,0.32000000000000006
2023-03-17,2023,E0,Nott'm Forest,Newcastle,P Tierney,HIGH CONFIDENCE,2.2,2.6,4.800000000000001,2.8129625,0.066675015,0.933325,0.7616331052460085,Rolling market,0.1716918874106993,STRONG UNDER,UNDER 4.5,1.31,1.0,6,LOSS,-1.0
2023-04-01,2023,E0,Nott'm Forest,Wolves,C Kavanagh,HIGH CONFIDENCE,2.8,1.8,4.6,2.7711477,0.06700468,0.9329953,0.7465965250965251,Rolling market,0.18639879426993,STRONG UNDER,UNDER 4.5,1.34,1.0,8,LOSS,-1.0
2023-04-01,2023,E0,Bournemouth,Fulham,P Bankes,HIGH CONFIDENCE,2.2,4.2,6.4,3.1141913,0.034294426,0.9657056,0.7565918217500477,Rolling market,0.20911375180875968,STRONG UNDER,UNDER 4.5,1.32,1.0,5,LOSS,-1.0
2023-04-04,2023,E0,Leicester,Aston Villa,G Scott,HIGH CONFIDENCE,1.6,1.6,3.2,3.2548857,0.20079754,0.79920244,0.7411708307484068,Rolling market,0.058031611420782614,STRONG UNDER,UNDER 4.5,1.35,1.0,2,WIN,0.3500000000000001
2023-04-04,2023,E0,Chelsea,Liverpool,A Taylor,HIGH CONFIDENCE,2.2,1.8,4.0,3.414951,0.17378823,0.82621175,0.7496625040025616,Rolling market,0.07654924650479311,STRONG UNDER,UNDER 4.5,1.33,1.0,5,LOSS,-1.0
2023-04-04,2023,E0,Leeds,Nott'm Forest,R Jones,HIGH CONFIDENCE,2.0,1.2,3.2,3.5522668,0.12927483,0.87072515,0.7453826734766908,Rolling market,0.12534248140001814,STRONG UNDER,UNDER 4.5,1.34,1.0,5,LOSS,-1.0
2023-04-08,2023,E0,Brentford,Newcastle,C Kavanagh,HIGH CONFIDENCE,1.0,2.2,3.2,3.4432516,0.061086576,0.9389134,0.7366575814755283,Rolling market,0.20225582346603055,STRONG UNDER,UNDER 4.5,1.36,1.0,0,WIN,0.3600000000000001
2023-04-08,2023,E0,Fulham,West Ham,J Gillett,HIGH CONFIDENCE,1.4,1.6,3.0,3.54207,0.045738712,0.9542613,0.7384710662398424,Rolling market,0.21579023670815567,STRONG UNDER,UNDER 4.5,1.35,1.0,2,WIN,0.3500000000000001
2023-04-22,2023,E0,Brentford,Aston Villa,M Salisbury,HIGH CONFIDENCE,0.8,1.2,2.0,3.4102159,0.098908186,0.9010918,0.7480299906279289,Rolling market,0.15306182341320884,STRONG UNDER,UNDER 4.5,1.34,1.0,5,LOSS,-1.0
2023-04-23,2023,E0,Bournemouth,West Ham,A Taylor,HIGH CONFIDENCE,1.6,1.6,3.2,2.8822012,0.04932208,0.95067793,0.7454967728922953,Rolling market,0.20518115841645101,STRONG UNDER,UNDER 4.5,1.34,1.0,3,WIN,0.3400000000000001
2023-04-26,2023,E0,West Ham,Liverpool,C Kavanagh,HIGH CONFIDENCE,0.8,2.4,3.2,2.7036214,0.12453823,0.87546176,0.7426851851851852,Rolling market,0.13277657199788973,STRONG UNDER,UNDER 4.5,1.35,1.0,0,WIN,0.3500000000000001
2023-04-26,2023,E0,Nott'm Forest,Brighton,J Gillett,HIGH CONFIDENCE,2.8,1.2,4.0,2.358769,0.17242518,0.82757485,0.7412604741546833,Rolling market,0.08631437497403982,STRONG UNDER,UNDER 4.5,1.35,1.0,2,WIN,0.3500000000000001
2023-04-27,2023,E0,Everton,Newcastle,A Marriner,HIGH CONFIDENCE,1.8,1.4,3.2,3.2587922,0.16256161,0.8374384,0.7440926483499002,Rolling market,0.09334575621018892,STRONG UNDER,UNDER 4.5,1.34,1.0,3,WIN,0.3400000000000001
2023-04-27,2023,E0,Southampton,Bournemouth,D England,HIGH CONFIDENCE,1.8,2.8,4.6,2.5653422,0.15945618,0.8405438,0.7454831886567305,Rolling market,0.0950606178961565,STRONG UNDER,UNDER 4.5,1.34,1.0,3,WIN,0.3400000000000001
2023-04-29,2023,E0,Brentford,Nott'm Forest,P Bankes,HIGH CONFIDENCE,1.2,2.0,3.2,3.1690946,0.06033124,0.9396688,0.7482147601476015,Rolling market,0.1914540144571959,STRONG UNDER,UNDER 4.5,1.34,1.0,3,WIN,0.3400000000000001
2023-05-03,2023,E0,Man City,West Ham,J Brooks,HIGH CONFIDENCE,1.6,1.8,3.4000000000000004,3.097771,0.1477263,0.8522737,0.7492973804373949,Rolling market,0.10297632218406505,STRONG UNDER,UNDER 4.5,1.33,1.0,1,WIN,0.33000000000000007
2023-05-06,2023,E0,Liverpool,Brentford,A Taylor,HIGH CONFIDENCE,1.8,1.6,3.4000000000000004,1.5648,0.1021311,0.8978689,0.74880032661265,Rolling market,0.14906854507619283,STRONG UNDER,UNDER 4.5,1.34,1.0,6,LOSS,-1.0
2023-05-07,2023,E0,West Ham,Man United,P Bankes,HIGH CONFIDENCE,0.8,2.2,3.0,2.3674502,0.13512805,0.864872,0.7425280367914828,Rolling market,0.1223439419682828,STRONG UNDER,UNDER 4.5,1.35,1.0,2,WIN,0.3500000000000001
2023-05-14,2023,E0,Brentford,West Ham,M Oliver,HIGH CONFIDENCE,1.0,1.8,2.8,2.4975839,0.067643866,0.9323561,0.7399010866483984,Rolling market,0.1924550325074854,STRONG UNDER,UNDER 4.5,1.35,1.0,1,WIN,0.3500000000000001
2023-05-15,2023,E0,Leicester,Liverpool,C Pawson,HIGH CONFIDENCE,1.6,1.4,3.0,2.4765925,0.12263377,0.87736624,0.7422493279569892,Rolling market,0.13511691683594906,STRONG UNDER,UNDER 4.5,1.35,1.0,3,WIN,0.3500000000000001
2023-05-21,2023,E0,West Ham,Leeds,P Bankes,HIGH CONFIDENCE,0.6,2.8,3.4,2.6132994,0.110263206,0.8897368,0.7349834162812373,Rolling market,0.15475335530231982,STRONG UNDER,UNDER 4.5,1.36,1.0,4,WIN,0.3600000000000001
2023-05-28,2023,E0,Southampton,Liverpool,D England,HIGH CONFIDENCE,1.2,1.4,2.5999999999999996,2.4938147,0.08243533,0.9175647,0.7455067480654185,Rolling market,0.17205794204764913,STRONG UNDER,UNDER 4.5,1.34,1.0,2,WIN,0.3400000000000001
2023-05-28,2023,E0,Leicester,West Ham,S Hooper,HIGH CONFIDENCE,1.8,1.2,3.0,2.8156226,0.067571096,0.9324289,0.7434292368104847,Rolling market,0.18899965961666987,STRONG UNDER,UNDER 4.5,1.35,1.0,2,WIN,0.3500000000000001
2023-05-28,2023,E0,Man United,Fulham,R Jones,HIGH CONFIDENCE,1.8,1.6,3.4000000000000004,3.2311902,0.10819438,0.89180565,0.7444725457024128,Rolling market,0.1473331031012981,STRONG UNDER,UNDER 4.5,1.34,1.0,3,WIN,0.3400000000000001
2023-05-28,2023,E0,Brentford,Man City,J Brooks,HIGH CONFIDENCE,1.2,1.6,2.8,2.6959896,0.122932166,0.8770678,0.738071554770318,Rolling market,0.1389962495662298,STRONG UNDER,UNDER 4.5,1.35,1.0,4,WIN,0.3500000000000001
2023-08-11,2023,E0,Burnley,Man City,C Pawson,HIGH CONFIDENCE,1.8,1.2,3.0,2.4495919,0.08597701,0.914023,0.7465319688109162,Rolling market,0.1674910133095977,STRONG UNDER,UNDER 4.5,1.34,1.0,0,WIN,0.3400000000000001
2023-08-12,2023,E0,Arsenal,Nott'm Forest,M Oliver,HIGH CONFIDENCE,0.4,2.0,2.4,1.9360429,0.18030904,0.81969094,0.7475483305532782,Rolling market,0.07214261221100404,STRONG UNDER,UNDER 4.5,1.34,1.0,4,WIN,0.3400000000000001
2023-08-12,2023,E0,Bournemouth,West Ham,P Bankes,HIGH CONFIDENCE,1.0,1.2,2.2,2.782329,0.09337739,0.9066226,0.7485559536624946,Rolling market,0.15806663497199636,STRONG UNDER,UNDER 4.5,1.34,1.0,5,LOSS,-1.0
2023-08-12,2023,E0,Everton,Fulham,S Attwell,HIGH CONFIDENCE,1.4,1.2,2.5999999999999996,2.5413175,0.102903515,0.8970965,0.7471545454545455,Rolling market,0.14994196924729775,STRONG UNDER,UNDER 4.5,1.34,1.0,2,WIN,0.3400000000000001
2023-08-13,2023,E0,Brentford,Tottenham,R Jones,HIGH CONFIDENCE,1.8,2.2,4.0,3.2142975,0.14616607,0.8538339,0.7467695724076456,Rolling market,0.10706434139545495,STRONG UNDER,UNDER 4.5,1.34,1.0,5,LOSS,-1.0
2023-08-26,2023,E0,Man United,Nott'm Forest,S Attwell,HIGH CONFIDENCE,1.8,1.6,3.4000000000000004,3.3837893,0.1945139,0.8054861,0.7321573700425623,Rolling market,0.07332871298813837,STRONG UNDER,UNDER 4.5,1.37,1.0,8,LOSS,-1.0
2023-08-27,2023,E0,Burnley,Aston Villa,M Salisbury,HIGH CONFIDENCE,1.4,2.8,4.199999999999999,3.63041,0.025817994,0.974182,0.7300230781225636,Rolling market,0.24415893157439683,STRONG UNDER,UNDER 4.5,1.37,1.0,2,WIN,0.3700000000000001
2023-08-27,2023,E0,Newcastle,Liverpool,J Brooks,HIGH CONFIDENCE,2.2,1.4,3.6,3.3446681,0.16749714,0.83250284,0.7309986353105463,Rolling market,0.10150420663891657,STRONG UNDER,UNDER 4.5,1.37,1.0,3,WIN,0.3700000000000001
2023-09-02,2023,E0,Burnley,Tottenham,D England,HIGH CONFIDENCE,1.4,2.4,3.8,2.9548526,0.10392749,0.8960725,0.7327295497082462,Rolling market,0.16334295719635583,STRONG UNDER,UNDER 4.5,1.36,1.0,7,LOSS,-1.0
2023-09-02,2023,E0,Man City,Fulham,M Oliver,HIGH CONFIDENCE,0.8,1.4,2.2,2.8671455,0.09221087,0.9077891,0.7285807700170358,Rolling market,0.17920834112035433,STRONG UNDER,UNDER 4.5,1.37,1.0,6,LOSS,-1.0
2023-09-16,2023,E0,Newcastle,Brentford,C Pawson,HIGH CONFIDENCE,2.2,1.6,3.8000000000000003,3.17901,0.21061966,0.7893803,0.7272132373194822,Rolling market,0.06216707464646021,STRONG UNDER,UNDER 4.5,1.38,1.0,8,LOSS,-1.0
2023-09-16,2023,E0,West Ham,Man City,A Madley,HIGH CONFIDENCE,0.8,0.2,1.0,2.204416,0.031763103,0.9682369,0.723247972972973,Rolling market,0.24498895024480039,STRONG UNDER,UNDER 4.5,1.38,1.0,5,LOSS,-1.0
2023-09-16,2023,E0,Tottenham,Sheffield United,P Bankes,HIGH CONFIDENCE,1.4,2.2,3.6,3.084539,0.11458498,0.885415,0.7252236412236412,Rolling market,0.16019137638118663,STRONG UNDER,UNDER 4.5,1.38,1.0,11,LOSS,-1.0
2023-09-16,2023,E0,Man United,Brighton,J Gillett,HIGH CONFIDENCE,2.2,3.2,5.4,3.302705,0.20974728,0.7902527,0.7262783567312538,Rolling market,0.06397432881562115,STRONG UNDER,UNDER 4.5,1.38,1.0,4,WIN,0.3799999999999999
2023-09-17,2023,E0,Bournemouth,Chelsea,D Coote,HIGH CONFIDENCE,1.0,2.2,3.2,3.3292403,0.11585249,0.8841475,0.722224862582547,Rolling market,0.16192266225113217,STRONG UNDER,UNDER 4.5,1.38,1.0,6,LOSS,-1.0
2023-09-18,2023,E0,Nott'm Forest,Burnley,R Jones,HIGH CONFIDENCE,2.0,1.6,3.6,3.7080252,0.19360152,0.8063985,0.7212154882154882,Rolling market,0.08518302271743416,STRONG UNDER,UNDER 4.5,1.39,1.0,5,LOSS,-1.0
2023-09-23,2023,E0,Brentford,Everton,M Oliver,HIGH CONFIDENCE,1.4,2.6,4.0,2.7879052,0.14023358,0.8597664,0.7192873161210467,Rolling market,0.1404791075811933,STRONG UNDER,UNDER 4.5,1.39,1.0,4,WIN,0.3899999999999999
2023-09-23,2023,E0,Man City,Nott'm Forest,A Taylor,HIGH CONFIDENCE,0.6,2.6,3.2,2.077493,0.046283685,0.95371634,0.7201592561316478,Rolling market,0.23355708154916888,STRONG UNDER,UNDER 4.5,1.39,1.0,10,LOSS,-1.0
2023-09-24,2023,E0,Liverpool,West Ham,C Kavanagh,HIGH CONFIDENCE,1.6,1.8,3.4000000000000004,2.4292083,0.11959831,0.8804017,0.7126649958228907,Rolling market,0.1677366751098791,STRONG UNDER,UNDER 4.5,1.4,1.0,2,WIN,0.3999999999999999
2023-09-30,2023,E0,Wolves,Man City,C Pawson,HIGH CONFIDENCE,3.4,0.6,4.0,3.3457546,0.12943366,0.87056637,0.7127023746515649,Rolling market,0.1578639934514624,STRONG UNDER,UNDER 4.5,1.4,1.0,9,LOSS,-1.0
2023-09-30,2023,E0,West Ham,Sheffield United,G Scott,HIGH CONFIDENCE,1.2,2.8,4.0,2.1942003,0.04230742,0.95769256,0.7117962345505825,Rolling market,0.24589632898320046,STRONG UNDER,UNDER 4.5,1.4,1.0,2,WIN,0.3999999999999999
2023-10-07,2023,E0,Crystal Palace,Nott'm Forest,C Pawson,HIGH CONFIDENCE,1.2,3.8,5.0,3.1708984,0.19217543,0.80782455,0.706520714587823,Rolling market,0.10130383747135063,STRONG UNDER,UNDER 4.5,1.42,1.0,1,WIN,0.41999999999999993
2023-10-07,2023,E0,Man United,Brentford,A Madley,HIGH CONFIDENCE,2.4,2.4,4.8,3.193096,0.15719576,0.84280425,0.7101054346442662,Rolling market,0.13269881845708265,STRONG UNDER,UNDER 4.5,1.41,1.0,5,LOSS,-1.0
2023-10-07,2023,E0,Burnley,Chelsea,S Attwell,HIGH CONFIDENCE,1.6,3.0,4.6,3.0175283,0.08160375,0.91839623,0.7082743801652893,Rolling market,0.21012185434703978,STRONG UNDER,UNDER 4.5,1.41,1.0,6,LOSS,-1.0
2023-10-08,2023,E0,Arsenal,Man City,M Oliver,HIGH CONFIDENCE,1.4,1.2,2.5999999999999996,2.5562122,0.10915207,0.8908479,0.7083728821196827,Rolling market,0.18247503925177722,STRONG UNDER,UNDER 4.5,1.41,1.0,5,LOSS,-1.0
2023-10-08,2023,E0,West Ham,Newcastle,P Bankes,HIGH CONFIDENCE,1.4,2.2,3.6,3.2814722,0.22116986,0.7788302,0.7075378841191649,Rolling market,0.07129228651224384,STRONG UNDER,UNDER 4.5,1.41,1.0,6,LOSS,-1.0
2023-10-21,2023,E0,Bournemouth,Wolves,P Tierney,HIGH CONFIDENCE,0.8,2.4,3.2,3.0144155,0.112302825,0.88769716,0.7067127159946832,Rolling market,0.18098444424930482,STRONG UNDER,UNDER 4.5,1.42,1.0,8,LOSS,-1.0
2023-10-21,2023,E0,Liverpool,Everton,C Pawson,HIGH CONFIDENCE,1.6,2.8,4.4,3.3568,0.22547054,0.77452946,0.7016552312559992,Rolling market,0.072874225836286,STRONG UNDER,UNDER 4.5,1.43,1.0,2,WIN,0.42999999999999994
2023-10-29,2023,E0,Liverpool,Nott'm Forest,C Kavanagh,HIGH CONFIDENCE,1.0,3.6,4.6,1.8494229,0.14943847,0.8505615,0.7012969851309853,Rolling market,0.14926451446465683,STRONG UNDER,UNDER 4.5,1.43,1.0,5,LOSS,-1.0
2023-10-29,2023,E0,Brighton,Fulham,M Salisbury,HIGH CONFIDENCE,2.2,2.2,4.4,3.3042476,0.15277843,0.84722155,0.700443365695793,Rolling market,0.14677818762986006,STRONG UNDER,UNDER 4.5,1.43,1.0,3,WIN,0.42999999999999994
2023-10-29,2023,E0,West Ham,Everton,S Attwell,HIGH CONFIDENCE,2.0,2.0,4.0,3.7663176,0.22084737,0.77915263,0.6981094430992736,Rolling market,0.08104318866036997,STRONG UNDER,UNDER 4.5,1.43,1.0,5,LOSS,-1.0
2023-11-04,2023,E0,Brentford,West Ham,T Bramall,HIGH CONFIDENCE,1.8,2.2,4.0,2.781112,0.1685474,0.8314526,0.6965292772560228,Rolling market,0.13492333085249775,STRONG UNDER,UNDER 4.5,1.44,1.0,5,LOSS,-1.0
2023-11-04,2023,E0,Man City,Bournemouth,C Pawson,HIGH CONFIDENCE,1.6,2.6,4.2,2.7394385,0.04406425,0.9559358,0.6902973874598071,Rolling market,0.26563838877386603,STRONG UNDER,UNDER 4.5,1.45,1.0,1,WIN,0.44999999999999996
2023-11-04,2023,E0,Sheffield United,Wolves,R Jones,HIGH CONFIDENCE,2.6,3.6,6.2,3.3155632,0.24414189,0.7558581,0.6896250959592436,Rolling market,0.06623302734321612,STRONG UNDER,UNDER 4.5,1.45,1.0,5,LOSS,-1.0
2023-11-11,2023,E0,Man United,Luton,G Scott,HIGH CONFIDENCE,2.6,1.6,4.2,3.7792244,0.09630404,0.90369594,0.6884995669966548,Rolling market,0.2151963739747197,STRONG UNDER,UNDER 4.5,1.45,1.0,2,WIN,0.44999999999999996
2023-11-11,2023,E0,Bournemouth,Newcastle,C Kavanagh,HIGH CONFIDENCE,1.2,3.2,4.4,2.530671,0.14497979,0.8550202,0.6891541592414142,Rolling market,0.16586606580665098,STRONG UNDER,UNDER 4.5,1.45,1.0,3,WIN,0.44999999999999996
2023-11-12,2023,E0,West Ham,Nott'm Forest,M Salisbury,HIGH CONFIDENCE,2.6,3.8,6.4,1.3018937,0.06667101,0.933329,0.6842686614583952,Rolling market,0.24906032470951256,STRONG UNDER,UNDER 4.5,1.46,1.0,4,WIN,0.45999999999999996
2023-11-12,2023,E0,Brighton,Sheffield United,J Brooks,HIGH CONFIDENCE,1.8,2.8,4.6,3.032186,0.06807498,0.931925,0.6863672780293147,Rolling market,0.24555772073090865,STRONG UNDER,UNDER 4.5,1.46,1.0,5,LOSS,-1.0
2023-11-12,2023,E0,Chelsea,Man City,A Taylor,HIGH CONFIDENCE,2.2,2.0,4.2,3.218981,0.2113028,0.7886972,0.6848908383323659,Rolling market,0.10380634479980577,STRONG UNDER,UNDER 4.5,1.46,1.0,8,LOSS,-1.0
2023-11-25,2023,E0,Man City,Liverpool,C Kavanagh,HIGH CONFIDENCE,1.6,2.4,4.0,2.1685185,0.21166974,0.78833026,0.6853252335007953,Rolling market,0.103005023438139,STRONG UNDER,UNDER 4.5,1.46,1.0,4,WIN,0.45999999999999996
2023-11-25,2023,E0,Sheffield United,Bournemouth,A Madley,HIGH CONFIDENCE,2.4,2.2,4.6,3.3508928,0.09090221,0.9090978,0.6832715833818355,Rolling market,0.22582620733624315,STRONG UNDER,UNDER 4.5,1.46,1.0,5,LOSS,-1.0
2023-11-27,2023,E0,Fulham,Wolves,M Salisbury,HIGH CONFIDENCE,2.2,3.6,5.800000000000001,3.2007453,0.15804796,0.841952,0.6834956110597183,Rolling market,0.158456414830632,STRONG UNDER,UNDER 4.5,1.46,1.0,4,WIN,0.45999999999999996
2023-12-02,2023,E0,Brentford,Luton,A Taylor,HIGH CONFIDENCE,2.0,1.4,3.4,3.3515615,0.13385227,0.86614776,0.6851321317712573,Rolling market,0.18101562480528077,STRONG UNDER,UNDER 4.5,1.46,1.0,3,WIN,0.45999999999999996
2023-12-02,2023,E0,Burnley,Sheffield United,C Kavanagh,HIGH CONFIDENCE,1.6,2.6,4.2,3.0315156,0.06645661,0.9335434,0.6859438299718066,Rolling market,0.2475995541033582,STRONG UNDER,UNDER 4.5,1.46,1.0,7,LOSS,-1.0
2023-12-03,2023,E0,Liverpool,Fulham,S Attwell,HIGH CONFIDENCE,0.8,2.8,3.5999999999999996,2.7491598,0.1563769,0.8436231,0.6833379845201994,Rolling market,0.16028511719107374,STRONG UNDER,UNDER 4.5,1.46,1.0,0,WIN,0.45999999999999996
2023-12-03,2023,E0,West Ham,Crystal Palace,M Oliver,HIGH CONFIDENCE,2.6,2.8,5.4,2.363486,0.16635305,0.83364695,0.6827513131958286,Rolling market,0.1508956399100979,STRONG UNDER,UNDER 4.5,1.46,1.0,2,WIN,0.45999999999999996
2023-12-07,2023,E0,Tottenham,West Ham,M Salisbury,HIGH CONFIDENCE,2.8,2.2,5.0,3.5364904,0.2013113,0.7986887,0.686302628139048,Rolling market,0.1123860815968224,STRONG UNDER,UNDER 4.5,1.46,1.0,6,LOSS,-1.0
2023-12-16,2023,E0,Burnley,Everton,A Taylor,HIGH CONFIDENCE,1.2,1.6,2.8,3.3051643,0.1890927,0.8109073,0.6849365739881789,Rolling market,0.12597073029877792,STRONG UNDER,UNDER 4.5,1.46,1.0,1,WIN,0.45999999999999996
2023-12-17,2023,E0,Liverpool,Man United,M Oliver,HIGH CONFIDENCE,0.8,1.4,2.2,2.812889,0.2393012,0.7606988,0.6873429954392996,Rolling market,0.07335579987930396,STRONG UNDER,UNDER 4.5,1.45,1.0,6,LOSS,-1.0
2023-12-17,2023,E0,West Ham,Wolves,C Kavanagh,HIGH CONFIDENCE,2.4,3.0,5.4,3.4125624,0.23870502,0.76129496,0.6860382262996942,Rolling market,0.07525673467595273,STRONG UNDER,UNDER 4.5,1.46,1.0,4,WIN,0.45999999999999996
2023-12-23,2023,E0,Liverpool,Arsenal,C Kavanagh,HIGH CONFIDENCE,1.2,1.6,2.8,3.42223,0.26171473,0.7382853,0.684918500125723,Rolling market,0.05336680299012175,STRONG UNDER,UNDER 4.5,1.46,1.0,7,LOSS,-1.0
2023-12-26,2023,E0,Burnley,Liverpool,P Tierney,HIGH CONFIDENCE,1.0,2.2,3.2,2.292175,0.179952,0.820048,0.6820113818485426,Rolling market,0.13803659273794422,STRONG UNDER,UNDER 4.5,1.47,1.0,3,WIN,0.47
2023-12-26,2023,E0,Man United,Aston Villa,C Pawson,HIGH CONFIDENCE,2.2,2.8,5.0,3.5914483,0.2254608,0.77453923,0.6827363636363637,Rolling market,0.09180286861766462,STRONG UNDER,UNDER 4.5,1.46,1.0,4,WIN,0.45999999999999996
2023-12-30,2023,E0,Man City,Sheffield United,D Coote,HIGH CONFIDENCE,1.6,3.2,4.800000000000001,3.3244824,0.06949878,0.9305012,0.6788868357463399,Rolling market,0.25161438686413373,STRONG UNDER,UNDER 4.5,1.47,1.0,2,WIN,0.47
2024-01-12,2024,E0,Burnley,Luton,T Harrington,HIGH CONFIDENCE,1.0,1.2,2.2,3.4459622,0.29409593,0.70590407,0.5991659192825113,Rolling market,0.1067381472801413,STRONG UNDER,UNDER 4.5,1.67,1.0,1,WIN,0.6699999999999999
2024-01-13,2024,E0,Newcastle,Man City,C Kavanagh,HIGH CONFIDENCE,2.6,1.8,4.4,3.5700202,0.25768778,0.7423122,0.5990477611940299,Rolling market,0.1432644317228402,STRONG UNDER,UNDER 4.5,1.67,1.0,3,WIN,0.6699999999999999
2024-01-20,2024,E0,Arsenal,Crystal Palace,P Tierney,HIGH CONFIDENCE,0.8,1.8,2.6,2.6780035,0.26955685,0.7304431,0.6472924157004575,Rolling market,0.0831507043022891,STRONG UNDER,UNDER 4.5,1.54,1.0,0,WIN,0.54
2024-01-30,2024,E0,Crystal Palace,Sheffield United,T Harrington,HIGH CONFIDENCE,2.4,2.8,5.199999999999999,3.0893567,0.1248355,0.8751645,0.6769251297257228,Rolling market,0.19823937909385725,STRONG UNDER,UNDER 4.5,1.48,1.0,5,LOSS,-1.0
2024-01-31,2024,E0,Liverpool,Chelsea,P Tierney,HIGH CONFIDENCE,1.6,2.6,4.2,3.1377466,0.20865959,0.7913404,0.6983725924959785,Rolling market,0.09296781821340261,STRONG UNDER,UNDER 4.5,1.43,1.0,6,LOSS,-1.0
2024-02-01,2024,E0,West Ham,Bournemouth,T Robinson,HIGH CONFIDENCE,2.0,2.2,4.2,3.2798836,0.17234635,0.82765365,0.6662519174041298,Rolling market,0.1614017290649864,STRONG UNDER,UNDER 4.5,1.5,1.0,4,WIN,0.5
2024-02-04,2024,E0,Man United,West Ham,A Madley,HIGH CONFIDENCE,2.0,1.6,3.6,3.4393222,0.1706596,0.8293404,0.6659426061493412,Rolling market,0.1633977921622738,STRONG UNDER,UNDER 4.5,1.5,1.0,1,WIN,0.5
2024-02-05,2024,E0,Brentford,Man City,J Gillett,HIGH CONFIDENCE,2.0,2.0,4.0,3.480999,0.2662512,0.7337488,0.6747410151733251,Rolling market,0.05900777842866467,STRONG UNDER,UNDER 4.5,1.48,1.0,1,WIN,0.48
2024-02-10,2024,E0,Liverpool,Burnley,T Robinson,HIGH CONFIDENCE,1.8,2.4,4.2,3.3301523,0.18734126,0.8126587,0.6907515771299555,Rolling market,0.12190715003908137,STRONG UNDER,UNDER 4.5,1.45,1.0,5,LOSS,-1.0
2024-02-10,2024,E0,Man City,Everton,J Brooks,HIGH CONFIDENCE,1.8,2.0,3.8,3.2654538,0.09254832,0.9074517,0.6853694279462332,Rolling market,0.22208226129708342,STRONG UNDER,UNDER 4.5,1.46,1.0,2,WIN,0.45999999999999996
2024-02-11,2024,E0,West Ham,Arsenal,C Pawson,HIGH CONFIDENCE,1.8,2.0,3.8,3.486477,0.19922398,0.800776,0.6656377906976744,Rolling market,0.1351382140935854,STRONG UNDER,UNDER 4.5,1.5,1.0,4,WIN,0.5
2024-02-17,2024,E0,Brentford,Liverpool,M Oliver,HIGH CONFIDENCE,2.0,2.0,4.0,2.8734553,0.24150957,0.75849044,0.6786648697214736,Rolling market,0.07982557350820174,STRONG UNDER,UNDER 4.5,1.47,1.0,3,WIN,0.47
2024-02-17,2024,E0,Burnley,Arsenal,J Gillett,HIGH CONFIDENCE,1.4,1.8,3.2,3.247082,0.20210396,0.797896,0.6847290756699328,Rolling market,0.11316695189506965,STRONG UNDER,UNDER 4.5,1.46,1.0,3,WIN,0.45999999999999996
2024-02-18,2024,E0,Luton,Man United,D Coote,HIGH CONFIDENCE,1.8,3.6,5.4,3.176314,0.13981307,0.86018693,0.687861195019524,Rolling market,0.17232573945160634,STRONG UNDER,UNDER 4.5,1.45,1.0,8,LOSS,-1.0
2024-02-20,2024,E0,Man City,Brentford,D England,HIGH CONFIDENCE,1.0,1.8,2.8,2.9626997,0.19824436,0.80175567,0.6758876080691644,Rolling market,0.12586805866362372,STRONG UNDER,UNDER 4.5,1.48,1.0,6,LOSS,-1.0
2024-02-21,2024,E0,Liverpool,Luton,A Madley,HIGH CONFIDENCE,2.4,1.2,3.5999999999999996,3.2081175,0.12421726,0.8757827,0.6678514473559097,Rolling market,0.2079312808392807,STRONG UNDER,UNDER 4.5,1.5,1.0,5,LOSS,-1.0
2024-02-24,2024,E0,Man United,Fulham,M Oliver,HIGH CONFIDENCE,2.0,1.4,3.4,3.1263776,0.17533447,0.82466555,0.6721018164145557,Rolling market,0.15256373000268064,STRONG UNDER,UNDER 4.5,1.49,1.0,7,LOSS,-1.0
2024-02-24,2024,E0,Bournemouth,Man City,J Gillett,HIGH CONFIDENCE,2.2,1.4,3.6,2.8339655,0.16491859,0.8350814,0.6700923645320198,Rolling market,0.16498903395507125,STRONG UNDER,UNDER 4.5,1.49,1.0,4,WIN,0.49
2024-02-26,2024,E0,West Ham,Brentford,S Hooper,HIGH CONFIDENCE,2.2,2.4,4.6,2.8630137,0.22703236,0.77296764,0.6695488928265487,Rolling market,0.10341874375868687,STRONG UNDER,UNDER 4.5,1.49,1.0,3,WIN,0.49
2024-03-02,2024,E0,Nott'm Forest,Liverpool,P Tierney,HIGH CONFIDENCE,1.4,1.6,3.0,3.128216,0.21681035,0.78318965,0.6834646865458878,Rolling market,0.099724967804393,STRONG UNDER,UNDER 4.5,1.46,1.0,4,WIN,0.45999999999999996
2024-03-02,2024,E0,Brentford,Chelsea,J Gillett,HIGH CONFIDENCE,2.2,3.2,5.4,3.620331,0.22182491,0.7781751,0.6739134247081083,Rolling market,0.10426169087721882,STRONG UNDER,UNDER 4.5,1.48,1.0,4,WIN,0.48
2024-03-03,2024,E0,Burnley,Bournemouth,D Coote,HIGH CONFIDENCE,1.4,2.8,4.199999999999999,2.4563189,0.06642227,0.9335777,0.6909244210634896,Rolling market,0.2426532952870658,STRONG UNDER,UNDER 4.5,1.45,1.0,6,LOSS,-1.0
2024-03-09,2024,E0,Arsenal,Brentford,R Jones,HIGH CONFIDENCE,2.0,2.6,4.6,3.4691958,0.14296266,0.8570373,0.6917042297979799,Rolling market,0.16533307603392933,STRONG UNDER,UNDER 4.5,1.45,1.0,6,LOSS,-1.0
2024-03-10,2024,E0,Liverpool,Man City,M Oliver,HIGH CONFIDENCE,2.2,1.4,3.6,2.5134456,0.13202831,0.86797166,0.6785929060249586,Rolling market,0.18937875268170645,STRONG UNDER,UNDER 4.5,1.47,1.0,3,WIN,0.47
2024-03-16,2024,E0,Luton,Nott'm Forest,D England,HIGH CONFIDENCE,1.8,2.8,4.6,2.9402523,0.060603708,0.93939626,0.6725283106345987,Rolling market,0.26686795153428555,STRONG UNDER,UNDER 4.5,1.49,1.0,3,WIN,0.49
2024-03-17,2024,E0,West Ham,Aston Villa,J Gillett,HIGH CONFIDENCE,1.8,2.6,4.4,2.9268866,0.20330286,0.79669714,0.6756538776044222,Rolling market,0.12104326213556804,STRONG UNDER,UNDER 4.5,1.48,1.0,6,LOSS,-1.0
2024-03-31,2024,E0,Man City,Arsenal,A Taylor,HIGH CONFIDENCE,1.0,0.6,1.6,3.7715404,0.26622832,0.7337717,0.6669278398510242,Rolling market,0.06684384193455928,STRONG UNDER,UNDER 4.5,1.5,1.0,2,WIN,0.5
2024-04-02,2024,E0,Burnley,Wolves,T Bramall,HIGH CONFIDENCE,1.8,2.4,4.2,3.1845083,0.20528306,0.79471695,0.6653840548771811,Rolling market,0.1293328993540811,STRONG UNDER,UNDER 4.5,1.5,1.0,2,WIN,0.5
2024-04-03,2024,E0,Arsenal,Luton,C Pawson,HIGH CONFIDENCE,2.2,3.0,5.2,3.1561792,0.0764863,0.9235137,0.6693470233712401,Rolling market,0.25416668712756973,STRONG UNDER,UNDER 4.5,1.49,1.0,2,WIN,0.49
2024-04-03,2024,E0,Man City,Aston Villa,D England,HIGH CONFIDENCE,0.6,2.6,3.2,2.8815353,0.11701037,0.88298965,0.6745916666666667,Rolling market,0.20839797833760576,STRONG UNDER,UNDER 4.5,1.48,1.0,3,WIN,0.48
2024-04-04,2024,E0,Liverpool,Sheffield United,S Attwell,HIGH CONFIDENCE,2.2,2.6,4.800000000000001,3.371104,0.19753149,0.80246854,0.6796435244550284,Rolling market,0.12282501382927336,STRONG UNDER,UNDER 4.5,1.47,1.0,1,WIN,0.47
2024-04-06,2024,E0,Crystal Palace,Man City,P Tierney,HIGH CONFIDENCE,1.6,1.8,3.4000000000000004,3.7431393,0.16979092,0.8302091,0.6868830068886702,Rolling market,0.14332606951590132,STRONG UNDER,UNDER 4.5,1.46,1.0,2,WIN,0.45999999999999996
2024-04-07,2024,E0,Sheffield United,Chelsea,R Jones,HIGH CONFIDENCE,2.0,2.4,4.4,3.565108,0.19531034,0.80468965,0.6880020855182334,Rolling market,0.11668756024897853,STRONG UNDER,UNDER 4.5,1.45,1.0,6,LOSS,-1.0
2024-04-07,2024,E0,Tottenham,Nott'm Forest,S Hooper,HIGH CONFIDENCE,1.4,2.6,4.0,3.594702,0.259725,0.740275,0.6841245369051012,Rolling market,0.056150488462635595,STRONG UNDER,UNDER 4.5,1.46,1.0,5,LOSS,-1.0
2024-04-07,2024,E0,Man United,Liverpool,A Taylor,HIGH CONFIDENCE,1.2,1.6,2.8,3.4977732,0.20637847,0.79362154,0.6919447791893527,Rolling market,0.10167676088022737,STRONG UNDER,UNDER 4.5,1.45,1.0,7,LOSS,-1.0
2024-04-14,2024,E0,Arsenal,Aston Villa,D Coote,HIGH CONFIDENCE,2.0,2.2,4.2,2.779767,0.105412915,0.8945871,0.6873998562329696,Rolling market,0.20718724331918492,STRONG UNDER,UNDER 4.5,1.45,1.0,4,WIN,0.44999999999999996
2024-04-20,2024,E0,Luton,Brentford,J Gillett,HIGH CONFIDENCE,1.2,3.2,4.4,3.5959258,0.08160854,0.91839147,0.6899055871604566,Rolling market,0.2284858789802905,STRONG UNDER,UNDER 4.5,1.45,1.0,3,WIN,0.44999999999999996
2024-04-21,2024,E0,Crystal Palace,West Ham,G Scott,HIGH CONFIDENCE,1.8,2.0,3.8,2.9707327,0.18607353,0.81392646,0.6922604682141984,Rolling market,0.12166599014456625,STRONG UNDER,UNDER 4.5,1.44,1.0,5,LOSS,-1.0
2024-04-21,2024,E0,Everton,Nott'm Forest,A Taylor,HIGH CONFIDENCE,1.4,2.6,4.0,3.6818132,0.10904431,0.8909557,0.6888003467921724,Rolling market,0.20215533977704148,STRONG UNDER,UNDER 4.5,1.45,1.0,5,LOSS,-1.0
2024-04-21,2024,E0,Fulham,Liverpool,C Pawson,HIGH CONFIDENCE,2.0,1.8,3.8,3.5184238,0.19293924,0.8070608,0.6853898462971589,Rolling market,0.1216709318438628,STRONG UNDER,UNDER 4.5,1.46,1.0,3,WIN,0.45999999999999996
2024-04-24,2024,E0,Everton,Liverpool,A Madley,HIGH CONFIDENCE,1.8,1.4,3.2,3.1961737,0.1605109,0.8394891,0.6858809143222506,Rolling market,0.1536081880413358,STRONG UNDER,UNDER 4.5,1.46,1.0,3,WIN,0.45999999999999996
2024-04-24,2024,E0,Man United,Sheffield United,M Salisbury,HIGH CONFIDENCE,2.0,2.0,4.0,3.3644876,0.26211137,0.73788863,0.6877666810372595,Rolling market,0.05012195316760504,STRONG UNDER,UNDER 4.5,1.45,1.0,1,WIN,0.44999999999999996
2024-04-27,2024,E0,West Ham,Liverpool,A Taylor,HIGH CONFIDENCE,1.6,1.6,3.2,3.0167503,0.20405492,0.79594505,0.6921328459335492,Rolling market,0.10381220239866518,STRONG UNDER,UNDER 4.5,1.44,1.0,2,WIN,0.43999999999999995
2024-04-27,2024,E0,Newcastle,Sheffield United,T Harrington,HIGH CONFIDENCE,0.4,1.8,2.2,3.603408,0.11233453,0.88766545,0.6903780780780782,Rolling market,0.19728737249488937,STRONG UNDER,UNDER 4.5,1.45,1.0,0,WIN,0.44999999999999996
2024-04-28,2024,E0,Nott'm Forest,Man City,S Hooper,HIGH CONFIDENCE,1.8,1.2,3.0,2.9076095,0.1591315,0.8408685,0.6972600713921469,Rolling market,0.14360840166083166,STRONG UNDER,UNDER 4.5,1.43,1.0,0,WIN,0.42999999999999994
2024-05-04,2024,E0,Burnley,Newcastle,A Taylor,HIGH CONFIDENCE,1.4,1.6,3.0,3.2610316,0.2153627,0.78463733,0.7023036694848775,Rolling market,0.0823336624777079,STRONG UNDER,UNDER 4.5,1.42,1.0,4,WIN,0.41999999999999993
2024-05-11,2024,E0,Fulham,Man City,A Taylor,HIGH CONFIDENCE,1.4,1.2,2.5999999999999996,3.2717998,0.16449744,0.83550256,0.7113899736838875,Rolling market,0.12411259122318652,STRONG UNDER,UNDER 4.5,1.41,1.0,1,WIN,0.4099999999999999
2024-05-19,2024,E0,Brentford,Newcastle,S Hooper,HIGH CONFIDENCE,2.0,2.2,4.2,3.6396756,0.23212655,0.76787347,0.6988514852982887,Rolling market,0.0690219807165734,STRONG UNDER,UNDER 4.5,1.43,1.0,8,LOSS,-1.0
2024-05-19,2024,E0,Man City,West Ham,J Brooks,HIGH CONFIDENCE,0.4,2.0,2.4,3.2671359,0.0831814,0.9168186,0.6925846038019952,Rolling market,0.2242340149724189,STRONG UNDER,UNDER 4.5,1.44,1.0,1,WIN,0.43999999999999995
2024-08-17,2024,E0,Nott'm Forest,Bournemouth,M Oliver,HIGH CONFIDENCE,1.0,2.0,3.0,2.8524916,0.22422278,0.7757772,0.6943820834417557,Rolling market,0.08139513728425751,STRONG UNDER,UNDER 4.5,1.44,1.0,4,WIN,0.43999999999999995
2024-08-31,2024,E0,Leicester,Aston Villa,D Coote,HIGH CONFIDENCE,1.8,2.0,3.8,3.1838536,0.14900431,0.85099566,0.6931761658031088,Rolling market,0.15781949402507722,STRONG UNDER,UNDER 4.5,1.44,1.0,9,LOSS,-1.0
2024-08-31,2024,E0,West Ham,Man City,M Oliver,HIGH CONFIDENCE,0.8,0.8,1.6,3.0674224,0.2566625,0.7433375,0.6886952011334936,Rolling market,0.0546423108828028,STRONG UNDER,UNDER 4.5,1.45,1.0,5,LOSS,-1.0
2024-09-01,2024,E0,Man United,Liverpool,A Taylor,HIGH CONFIDENCE,1.2,1.4,2.5999999999999996,3.5616918,0.24736774,0.75263226,0.6842933547852372,Rolling market,0.06833890553733357,STRONG UNDER,UNDER 4.5,1.46,1.0,5,LOSS,-1.0
2024-09-21,2024,E0,Leicester,Everton,D England,HIGH CONFIDENCE,2.4,2.8,5.199999999999999,3.5906131,0.2743202,0.7256798,0.6632248612602558,Rolling market,0.062454953555265424,STRONG UNDER,UNDER 4.5,1.51,1.0,3,WIN,0.51
2024-09-21,2024,E0,West Ham,Chelsea,S Barrott,HIGH CONFIDENCE,1.2,4.2,5.4,2.9329782,0.21982324,0.78017676,0.6618260828726688,Rolling market,0.11835067589350556,STRONG UNDER,UNDER 4.5,1.51,1.0,7,LOSS,-1.0
2024-09-28,2024,E0,Brentford,West Ham,S Hooper,HIGH CONFIDENCE,2.2,2.0,4.2,3.1810763,0.19947436,0.80052567,0.6542529192681178,Rolling market,0.14627274601508533,STRONG UNDER,UNDER 4.5,1.53,1.0,5,LOSS,-1.0
2024-09-30,2024,E0,Bournemouth,Southampton,M Oliver,HIGH CONFIDENCE,3.2,2.8,6.0,3.3520575,0.19193318,0.80806684,0.642812708986518,Rolling market,0.16525413595366756,STRONG UNDER,UNDER 4.5,1.56,1.0,7,LOSS,-1.0
2024-10-05,2024,E0,Man City,Fulham,P Bankes,HIGH CONFIDENCE,1.6,3.0,4.6,1.147746,0.097854815,0.9021452,0.6383579896874565,Rolling market,0.2637872172407967,STRONG UNDER,UNDER 4.5,1.57,1.0,3,WIN,0.5700000000000001
2024-10-05,2024,E0,Leicester,Bournemouth,D Bond,HIGH CONFIDENCE,1.8,2.8,4.6,2.720436,0.2916043,0.7083957,0.6400720918866081,Rolling market,0.06832362764159017,STRONG UNDER,UNDER 4.5,1.56,1.0,5,LOSS,-1.0
2024-10-05,2024,E0,Brentford,Wolves,A Madley,HIGH CONFIDENCE,2.0,3.4,5.4,3.323552,0.2973404,0.7026596,0.6423023299642439,Rolling market,0.06035727696934989,STRONG UNDER,UNDER 4.5,1.56,1.0,5,LOSS,-1.0
2024-10-20,2024,E0,Liverpool,Chelsea,J Brooks,HIGH CONFIDENCE,1.8,3.6,5.4,3.5969043,0.2228734,0.7771266,0.6412771935885533,Rolling market,0.13584941669052997,STRONG UNDER,UNDER 4.5,1.56,1.0,7,LOSS,-1.0
2024-10-25,2024,E0,Leicester,Nott'm Forest,C Pawson,HIGH CONFIDENCE,2.2,2.6,4.800000000000001,3.0573583,0.16308814,0.83691186,0.6363884090909091,Rolling market,0.2005234480372342,STRONG UNDER,UNDER 4.5,1.57,1.0,7,LOSS,-1.0
2024-10-27,2024,E0,Arsenal,Liverpool,A Taylor,HIGH CONFIDENCE,2.2,1.6,3.8000000000000003,3.1372814,0.26131052,0.7386895,0.6351015359070153,Rolling market,0.1035879463050513,STRONG UNDER,UNDER 4.5,1.57,1.0,4,WIN,0.5700000000000001
2024-11-02,2024,E0,Bournemouth,Man City,M Oliver,HIGH CONFIDENCE,2.6,2.2,4.800000000000001,3.7134068,0.28872153,0.71127844,0.6315763884481116,Rolling market,0.07970205012000364,STRONG UNDER,UNDER 4.5,1.58,1.0,3,WIN,0.5800000000000001
2024-11-03,2024,E0,Tottenham,Aston Villa,C Pawson,HIGH CONFIDENCE,2.4,3.0,5.4,3.2771132,0.23892748,0.7610725,0.6300422551262833,Rolling market,0.1310302613150619,STRONG UNDER,UNDER 4.5,1.59,1.0,2,WIN,0.5900000000000001
2024-11-04,2024,E0,Fulham,Brentford,S Attwell,HIGH CONFIDENCE,2.8,1.8,4.6,3.1541564,0.24782798,0.752172,0.6311622189677788,Rolling market,0.12100977428783644,STRONG UNDER,UNDER 4.5,1.58,1.0,3,WIN,0.5800000000000001
2024-11-10,2024,E0,Tottenham,Ipswich,D England,HIGH CONFIDENCE,2.2,2.4,4.6,2.841463,0.096577145,0.90342283,0.6318403593569624,Rolling market,0.2715824731320513,STRONG UNDER,UNDER 4.5,1.58,1.0,6,LOSS,-1.0
2024-11-23,2024,E0,Man City,Tottenham,J Brooks,HIGH CONFIDENCE,2.2,2.8,5.0,3.1100957,0.08987047,0.91012955,0.6293106112469438,Rolling market,0.28081893587219686,STRONG UNDER,UNDER 4.5,1.59,1.0,6,LOSS,-1.0
2024-11-23,2024,E0,Arsenal,Nott'm Forest,S Hooper,HIGH CONFIDENCE,1.8,3.0,4.8,2.6683424,0.21655852,0.7834415,0.6303914360836359,Rolling market,0.15305004789082088,STRONG UNDER,UNDER 4.5,1.59,1.0,5,LOSS,-1.0
2024-11-30,2024,E0,Nott'm Forest,Ipswich,T Harrington,HIGH CONFIDENCE,1.8,2.8,4.6,3.0129755,0.0734289,0.92657113,0.6268811283086275,Rolling market,0.29969000244393595,STRONG UNDER,UNDER 4.5,1.6,1.0,4,WIN,0.6000000000000001
2024-11-30,2024,E0,Wolves,Bournemouth,P Bankes,HIGH CONFIDENCE,2.2,3.2,5.4,3.630762,0.31577575,0.68422425,0.6265486194312471,Rolling market,0.057675628501187015,STRONG UNDER,UNDER 4.5,1.6,1.0,5,LOSS,-1.0
2024-12-01,2024,E0,Liverpool,Man City,C Kavanagh,HIGH CONFIDENCE,2.0,2.2,4.2,3.4768686,0.2023429,0.79765713,0.6262195202423972,Rolling market,0.17143761190634543,STRONG UNDER,UNDER 4.5,1.6,1.0,4,WIN,0.6000000000000001
2024-12-04,2024,E0,Man City,Nott'm Forest,M Oliver,HIGH CONFIDENCE,2.6,2.8,5.4,3.5617735,0.1953767,0.8046233,0.629614122683234,Rolling market,0.17500918311434288,STRONG UNDER,UNDER 4.5,1.59,1.0,6,LOSS,-1.0
2024-12-07,2024,E0,Brentford,Newcastle,T Robinson,HIGH CONFIDENCE,1.4,1.8,3.2,3.2177155,0.24015345,0.75984657,0.6309036965683323,Rolling market,0.12894287153927264,STRONG UNDER,UNDER 4.5,1.59,1.0,3,WIN,0.5900000000000001
2024-12-07,2024,E0,Crystal Palace,Man City,R Jones,HIGH CONFIDENCE,3.0,2.4,5.4,2.4484344,0.22700042,0.7729996,0.6318781422338375,Rolling market,0.14112144244099767,STRONG UNDER,UNDER 4.5,1.58,1.0,1,WIN,0.5800000000000001
2024-12-07,2024,E0,Man United,Nott'm Forest,D England,HIGH CONFIDENCE,3.0,2.8,5.8,2.8348894,0.25106394,0.74893606,0.6328469642387564,Rolling market,0.11608909285200286,STRONG UNDER,UNDER 4.5,1.58,1.0,2,WIN,0.5800000000000001
2024-12-08,2024,E0,Ipswich,Bournemouth,M Salisbury,HIGH CONFIDENCE,2.2,3.2,5.4,3.0406208,0.17420852,0.8257915,0.6324946101116313,Rolling market,0.19329686804541213,STRONG UNDER,UNDER 4.5,1.58,1.0,3,WIN,0.5800000000000001
2024-12-14,2024,E0,Wolves,Ipswich,S Hooper,HIGH CONFIDENCE,2.4,2.8,5.199999999999999,3.1458876,0.19604896,0.803951,0.6333427361781905,Rolling market,0.1706082888309648,STRONG UNDER,UNDER 4.5,1.58,1.0,2,WIN,0.5800000000000001
2024-12-26,2024,E0,Man City,Everton,S Hooper,HIGH CONFIDENCE,2.0,2.2,4.2,3.4352329,0.2547059,0.7452941,0.6396810104390789,Rolling market,0.10561308364661448,STRONG UNDER,UNDER 4.5,1.56,1.0,5,LOSS,-1.0
2024-12-27,2024,E0,Arsenal,Ipswich,D England,HIGH CONFIDENCE,1.2,2.4,3.5999999999999996,3.5880675,0.081362404,0.9186376,0.6398128749283811,Rolling market,0.27882469879064353,STRONG UNDER,UNDER 4.5,1.56,1.0,2,WIN,0.56
2024-12-29,2024,E0,Crystal Palace,Southampton,M Salisbury,HIGH CONFIDENCE,2.2,3.4,5.6,3.6952653,0.28925252,0.7107475,0.6415252336084912,Rolling market,0.06922224678396482,STRONG UNDER,UNDER 4.5,1.56,1.0,5,LOSS,-1.0
2024-12-29,2024,E0,Fulham,Bournemouth,R Jones,HIGH CONFIDENCE,2.4,3.0,5.4,2.7964928,0.2626281,0.7373719,0.6390878854501382,Rolling market,0.09828403608916847,STRONG UNDER,UNDER 4.5,1.56,1.0,4,WIN,0.56
2024-12-29,2024,E0,Leicester,Man City,M Oliver,HIGH CONFIDENCE,2.8,2.0,4.8,3.6205914,0.25808287,0.74191713,0.6399391137395414,Rolling market,0.10197801959175745,STRONG UNDER,UNDER 4.5,1.56,1.0,3,WIN,0.56
2024-12-30,2024,E0,Ipswich,Chelsea,J Brooks,HIGH CONFIDENCE,2.0,1.6,3.6,3.6619046,0.1869836,0.8130164,0.6412604543582269,Rolling market,0.1717559602841071,STRONG UNDER,UNDER 4.5,1.56,1.0,8,LOSS,-1.0
2025-01-04,2025,E0,Man City,West Ham,M Salisbury,HIGH CONFIDENCE,1.8,1.6,3.4000000000000004,2.335768,0.11112868,0.8888713,0.7911164039696439,Rolling market,0.09775490817177457,STRONG UNDER,UNDER 4.5,1.26,1.0,3,WIN,0.26
2025-01-05,2025,E0,Fulham,Ipswich,D Bond,HIGH CONFIDENCE,2.2,2.4,4.6,2.496045,0.16782779,0.8321722,0.7573030303030303,Rolling market,0.07486918468186354,STRONG UNDER,UNDER 4.5,1.32,1.0,6,LOSS,-1.0
2025-01-14,2025,E0,Brentford,Man City,A Taylor,HIGH CONFIDENCE,2.0,2.0,4.0,3.5274358,0.21722497,0.78277504,0.6802597704796658,Rolling market,0.10251527396155735,STRONG UNDER,UNDER 4.5,1.47,1.0,0,WIN,0.47
2025-01-19,2025,E0,Ipswich,Man City,S Barrott,HIGH CONFIDENCE,2.4,1.4,3.8,2.9815266,0.19405062,0.8059494,0.7007462055715659,Rolling market,0.10520318436297393,STRONG UNDER,UNDER 4.5,1.43,1.0,1,WIN,0.42999999999999994
2025-01-25,2025,E0,Liverpool,Ipswich,M Salisbury,HIGH CONFIDENCE,1.8,3.2,5.0,2.7463245,0.09387318,0.9061268,0.659332811167389,Rolling market,0.2467939860318603,STRONG UNDER,UNDER 4.5,1.52,1.0,2,WIN,0.52
2025-01-25,2025,E0,Man City,Chelsea,J Brooks,HIGH CONFIDENCE,2.0,1.8,3.8,3.2021391,0.23239881,0.7676012,0.6672309043020194,Rolling market,0.10037028769550871,STRONG UNDER,UNDER 4.5,1.5,1.0,5,LOSS,-1.0
2025-02-02,2025,E0,Brentford,Tottenham,J Gillett,HIGH CONFIDENCE,1.8,1.8,3.6,3.5142262,0.23461936,0.7653806,0.6577856871678057,Rolling market,0.10759493378861518,STRONG UNDER,UNDER 4.5,1.52,1.0,1,WIN,0.52
2025-02-02,2025,E0,Arsenal,Man City,P Bankes,HIGH CONFIDENCE,1.4,1.0,2.4,3.2621598,0.21536396,0.784636,0.6520271079590229,Rolling market,0.13260891270137753,STRONG UNDER,UNDER 4.5,1.53,1.0,2,WIN,0.53
2025-02-15,2025,E0,Aston Villa,Ipswich,R Jones,HIGH CONFIDENCE,1.6,2.6,4.2,2.8861852,0.13863364,0.8613664,0.6833548691245327,Rolling market,0.1780115220574131,STRONG UNDER,UNDER 4.5,1.46,1.0,3,WIN,0.45999999999999996
2025-02-15,2025,E0,Southampton,Bournemouth,J Gillett,HIGH CONFIDENCE,1.2,3.2,4.4,3.3410037,0.16974536,0.8302547,0.7045698441832311,Rolling market,0.1256848297745936,STRONG UNDER,UNDER 4.5,1.42,1.0,4,WIN,0.41999999999999993
2025-02-22,2025,E0,Arsenal,West Ham,C Pawson,HIGH CONFIDENCE,1.6,1.8,3.4000000000000004,2.872119,0.1418751,0.8581249,0.7257165632054177,Rolling market,0.13240834857970807,STRONG UNDER,UNDER 4.5,1.38,1.0,4,WIN,0.3799999999999999
2025-02-22,2025,E0,Bournemouth,Wolves,M Salisbury,HIGH CONFIDENCE,1.6,1.6,3.2,3.654334,0.2102475,0.7897525,0.7319260701718424,Rolling market,0.05782641319607751,STRONG UNDER,UNDER 4.5,1.37,1.0,6,LOSS,-1.0
2025-02-23,2025,E0,Man City,Liverpool,A Taylor,HIGH CONFIDENCE,1.4,1.8,3.2,2.971069,0.21746206,0.78253794,0.7264981592760611,Rolling market,0.056039777888245546,STRONG UNDER,UNDER 4.5,1.38,1.0,0,WIN,0.3799999999999999
2025-03-08,2025,E0,Nott'm Forest,Man City,C Kavanagh,HIGH CONFIDENCE,1.4,0.4,1.7999999999999998,3.2443576,0.16510251,0.8348975,0.7403629238305639,Rolling market,0.09453459432739508,STRONG UNDER,UNDER 4.5,1.35,1.0,5,LOSS,-1.0
2025-03-08,2025,E0,Crystal Palace,Ipswich,S Hooper,HIGH CONFIDENCE,1.4,3.0,4.4,3.252602,0.08257047,0.9174295,0.744004829237886,Rolling market,0.17342467754083102,STRONG UNDER,UNDER 4.5,1.34,1.0,7,LOSS,-1.0
2025-03-15,2025,E0,Bournemouth,Brentford,C Pawson,HIGH CONFIDENCE,2.2,1.0,3.2,3.123132,0.14263156,0.85736847,0.7378291868913924,Rolling market,0.11953928234688882,STRONG UNDER,UNDER 4.5,1.36,1.0,3,WIN,0.3600000000000001
2025-04-01,2025,E0,Arsenal,Fulham,J Brooks,HIGH CONFIDENCE,2.2,2.6,4.800000000000001,3.411277,0.1917962,0.8082038,0.7395105878747079,Rolling market,0.06869322853917148,STRONG UNDER,UNDER 4.5,1.35,1.0,3,WIN,0.3500000000000001
2025-04-02,2025,E0,Bournemouth,Ipswich,R Jones,HIGH CONFIDENCE,2.4,3.4,5.8,3.3414726,0.20874225,0.79125774,0.7384028697571745,Rolling market,0.05285486930990313,STRONG UNDER,UNDER 4.5,1.35,1.0,3,WIN,0.3500000000000001
2025-04-05,2025,E0,West Ham,Bournemouth,T Robinson,HIGH CONFIDENCE,1.0,3.2,4.2,3.7462811,0.17187674,0.8281233,0.7449598702568628,Rolling market,0.08316340120843868,STRONG UNDER,UNDER 4.5,1.34,1.0,4,WIN,0.3400000000000001
2025-04-06,2025,E0,Fulham,Liverpool,C Kavanagh,HIGH CONFIDENCE,0.4,1.6,2.0,3.5417902,0.122736335,0.87726367,0.7481984779299848,Rolling market,0.12906518726929495,STRONG UNDER,UNDER 4.5,1.34,1.0,3,WIN,0.3400000000000001
2025-04-19,2025,E0,Crystal Palace,Bournemouth,S Barrott,HIGH CONFIDENCE,1.8,3.0,4.8,2.5376797,0.1867955,0.8132045,0.7405072358079311,Rolling market,0.07269729109331402,STRONG UNDER,UNDER 4.5,1.35,1.0,7,LOSS,-1.0
2025-05-01,2025,E0,Nott'm Forest,Brentford,D England,HIGH CONFIDENCE,1.2,1.0,2.2,3.6303017,0.20387425,0.79612577,0.7345176677627009,Rolling market,0.06160810185247245,STRONG UNDER,UNDER 4.5,1.36,1.0,8,LOSS,-1.0
2025-05-02,2025,E0,Man City,Wolves,P Bankes,HIGH CONFIDENCE,1.6,2.0,3.6,3.0729823,0.1729901,0.8270099,0.7312018109790606,Rolling market,0.09580810532648143,STRONG UNDER,UNDER 4.5,1.37,1.0,0,WIN,0.3700000000000001
2025-05-03,2025,E0,Arsenal,Bournemouth,J Gillett,HIGH CONFIDENCE,1.4,2.6,4.0,3.0307903,0.115154766,0.88484526,0.7325415740360267,Rolling market,0.1523036827693932,STRONG UNDER,UNDER 4.5,1.37,1.0,2,WIN,0.3700000000000001
2025-05-11,2025,E0,Liverpool,Arsenal,A Taylor,HIGH CONFIDENCE,1.2,0.8,2.0,3.2750092,0.17665106,0.82334894,0.7284729612774451,Rolling market,0.09487597814134763,STRONG UNDER,UNDER 4.5,1.37,1.0,2,WIN,0.3700000000000001
2025-05-18,2025,E0,West Ham,Nott'm Forest,S Barrott,HIGH CONFIDENCE,1.2,3.8,5.0,2.9169612,0.1079306,0.8920694,0.7214367247727191,Rolling market,0.1706326745841229,STRONG UNDER,UNDER 4.5,1.39,1.0,9,LOSS,-1.0
2025-08-17,2025,E0,Nott'm Forest,Brentford,P Bankes,HIGH CONFIDENCE,1.8,2.8,4.6,3.791218,0.18340105,0.81659895,0.7274500209643606,Rolling market,0.08914893085219822,STRONG UNDER,UNDER 4.5,1.37,1.0,3,WIN,0.3700000000000001
2025-08-31,2025,E0,Liverpool,Arsenal,C Kavanagh,HIGH CONFIDENCE,1.0,1.2,2.2,3.087057,0.22032972,0.7796703,0.7173989437947945,Rolling market,0.0622713543047233,STRONG UNDER,UNDER 4.5,1.39,1.0,4,WIN,0.3899999999999999
2025-09-14,2025,E0,Burnley,Liverpool,M Oliver,HIGH CONFIDENCE,0.8,1.4,2.2,2.6938798,0.20348687,0.79651314,0.7145621752591197,Rolling market,0.08195096494244891,STRONG UNDER,UNDER 4.5,1.4,1.0,2,WIN,0.3999999999999999
2025-09-20,2025,E0,Fulham,Brentford,M Oliver,HIGH CONFIDENCE,0.8,2.8,3.5999999999999996,2.9808109,0.16313453,0.8368655,0.7184140061791967,Rolling market,0.11845147853531135,STRONG UNDER,UNDER 4.5,1.39,1.0,5,LOSS,-1.0
2025-10-04,2025,E0,Arsenal,West Ham,J Brooks,HIGH CONFIDENCE,1.0,1.4,2.4,2.2836938,0.13363366,0.8663663,0.7094170796943562,Rolling market,0.15694924711457325,STRONG UNDER,UNDER 4.5,1.41,1.0,2,WIN,0.4099999999999999
2025-10-05,2025,E0,Brentford,Man City,D England,HIGH CONFIDENCE,2.0,1.2,3.2,2.8599353,0.22552352,0.77447647,0.7082911195754178,Rolling market,0.06618534898766204,STRONG UNDER,UNDER 4.5,1.41,1.0,5,LOSS,-1.0
2025-10-18,2025,E0,Man City,Everton,T Harrington,HIGH CONFIDENCE,0.6,2.0,2.6,3.2468574,0.07383374,0.92616624,0.7043916173412254,Rolling market,0.2217746190593789,STRONG UNDER,UNDER 4.5,1.42,1.0,2,WIN,0.41999999999999993
2025-10-26,2025,E0,Arsenal,Crystal Palace,T Bramall,HIGH CONFIDENCE,1.0,2.4,3.4,2.7123346,0.22523648,0.7747635,0.7085586228846311,Rolling market,0.066204901647687,STRONG UNDER,UNDER 4.5,1.41,1.0,0,WIN,0.4099999999999999
2025-10-26,2025,E0,Bournemouth,Nott'm Forest,S Barrott,HIGH CONFIDENCE,1.6,2.4,4.0,3.4232938,0.16531324,0.83468676,0.7076244622303034,Rolling market,0.1270622939037298,STRONG UNDER,UNDER 4.5,1.41,1.0,4,WIN,0.4099999999999999
2025-11-01,2025,E0,Crystal Palace,Brentford,P Bankes,HIGH CONFIDENCE,1.4,1.4,2.8,3.0539737,0.21910737,0.7808926,0.7117505515017818,Rolling market,0.06914205904814497,STRONG UNDER,UNDER 4.5,1.4,1.0,3,WIN,0.3999999999999999
2025-11-01,2025,E0,Burnley,Arsenal,C Kavanagh,HIGH CONFIDENCE,0.8,1.4,2.2,2.9275918,0.16501787,0.83498216,0.7109363016968585,Rolling market,0.12404585505668153,STRONG UNDER,UNDER 4.5,1.41,1.0,3,WIN,0.4099999999999999
2025-11-09,2025,E0,Man City,Liverpool,C Kavanagh,HIGH CONFIDENCE,0.8,2.4,3.2,3.0274503,0.17681122,0.8231888,0.7119114209827357,Rolling market,0.1112773607555455,STRONG UNDER,UNDER 4.5,1.4,1.0,6,LOSS,-1.0
2025-11-22,2025,E0,Burnley,Chelsea,P Bankes,HIGH CONFIDENCE,1.0,2.4,3.4,3.4523978,0.16494574,0.8350543,0.7077409752014231,Rolling market,0.12731330317229517,STRONG UNDER,UNDER 4.5,1.41,1.0,5,LOSS,-1.0
2025-11-23,2025,E0,Arsenal,Tottenham,M Oliver,HIGH CONFIDENCE,0.4,2.0,2.4,3.0185273,0.0950043,0.9049957,0.7044461366411393,Rolling market,0.20054954321420737,STRONG UNDER,UNDER 4.5,1.42,1.0,4,WIN,0.41999999999999993
2025-11-30,2025,E0,Crystal Palace,Man United,R Jones,HIGH CONFIDENCE,0.8,1.2,2.0,3.6901994,0.23448166,0.7655183,0.700444575039475,Rolling market,0.06507373264637706,STRONG UNDER,UNDER 4.5,1.43,1.0,5,LOSS,-1.0
2025-12-02,2025,E0,Fulham,Man City,C Pawson,HIGH CONFIDENCE,1.8,2.6,4.4,3.3032494,0.20597474,0.79402524,0.6989084789478257,Rolling market,0.09511676338081809,STRONG UNDER,UNDER 4.5,1.43,1.0,1,WIN,0.42999999999999994
2025-12-03,2025,E0,Wolves,Nott'm Forest,T Robinson,HIGH CONFIDENCE,1.2,1.4,2.5999999999999996,3.6390238,0.13223848,0.8677615,0.7040982781693282,Rolling market,0.16366321455985877,STRONG UNDER,UNDER 4.5,1.42,1.0,4,WIN,0.41999999999999993
2025-12-03,2025,E0,Arsenal,Brentford,T Harrington,HIGH CONFIDENCE,0.6,1.8,2.4,3.662701,0.081176884,0.9188231,0.7004126315789474,Rolling market,0.21841049139926305,STRONG UNDER,UNDER 4.5,1.43,1.0,1,WIN,0.42999999999999994
2025-12-06,2025,E0,Man City,Sunderland,A Madley,HIGH CONFIDENCE,1.8,2.2,4.0,3.3632493,0.19381219,0.8061878,0.7040055446836269,Rolling market,0.1021822638300145,STRONG UNDER,UNDER 4.5,1.42,1.0,1,WIN,0.41999999999999993
2025-12-13,2025,E0,Arsenal,Wolves,R Jones,HIGH CONFIDENCE,0.4,2.2,2.6,3.5498612,0.1907613,0.8092387,0.7039154927970332,Rolling market,0.10532317945943648,STRONG UNDER,UNDER 4.5,1.42,1.0,4,WIN,0.41999999999999993
2025-12-20,2025,E0,Man City,West Ham,P Tierney,HIGH CONFIDENCE,1.8,2.2,4.0,2.2221045,0.14521585,0.85478413,0.7092490201201986,Rolling market,0.14553511092991123,STRONG UNDER,UNDER 4.5,1.41,1.0,2,WIN,0.4099999999999999
2025-12-27,2025,E0,Liverpool,Wolves,S Hooper,HIGH CONFIDENCE,1.2,2.6,3.8,3.429912,0.23873585,0.76126415,0.7042387945241456,Rolling market,0.05702535085015248,STRONG UNDER,UNDER 4.5,1.42,1.0,1,WIN,0.41999999999999993
2025-12-27,2025,E0,Brentford,Bournemouth,P Bankes,HIGH CONFIDENCE,1.6,3.2,4.800000000000001,3.5783346,0.09180641,0.9081936,0.7042837837837838,Rolling market,0.20390980447305218,STRONG UNDER,UNDER 4.5,1.42,1.0,4,WIN,0.41999999999999993
2026-01-01,2026,E0,Liverpool,Leeds,C Kavanagh,HIGH CONFIDENCE,1.2,0.6,1.7999999999999998,3.5419364,0.36098698,0.63901305,0.5872911877394636,Rolling market,0.05172186424723069,STRONG UNDER,UNDER 4.5,1.7,1.0,2,WIN,0.7
2026-01-08,2026,E0,Arsenal,Liverpool,A Taylor,HIGH CONFIDENCE,1.0,2.2,3.2,3.2594461,0.22149095,0.778509,0.7196586884367204,Rolling market,0.05885033236863846,STRONG UNDER,UNDER 4.5,1.39,1.0,4,WIN,0.3899999999999999
2026-01-17,2026,E0,Liverpool,Burnley,A Madley,HIGH CONFIDENCE,0.8,2.2,3.0,3.234998,0.2020373,0.79796267,0.691215909090909,Rolling market,0.10674675646695231,STRONG UNDER,UNDER 4.5,1.45,1.0,3,WIN,0.44999999999999996
2026-01-24,2026,E0,Burnley,Tottenham,P Bankes,HIGH CONFIDENCE,1.0,2.6,3.6,3.6418362,0.26645896,0.733541,0.6739307873644507,Rolling market,0.05961022444585207,STRONG UNDER,UNDER 4.5,1.48,1.0,1,WIN,0.48
2026-01-31,2026,E0,Wolves,Bournemouth,M Oliver,HIGH CONFIDENCE,2.0,2.8,4.8,3.7253013,0.20666146,0.79333854,0.7141258200562325,Rolling market,0.07921271715995404,STRONG UNDER,UNDER 4.5,1.4,1.0,6,LOSS,-1.0
2026-01-31,2026,E0,Liverpool,Newcastle,S Hooper,HIGH CONFIDENCE,0.6,1.6,2.2,3.786425,0.1707401,0.8292599,0.7095774007241823,Rolling market,0.11968247171234114,STRONG UNDER,UNDER 4.5,1.41,1.0,4,WIN,0.4099999999999999
2026-02-07,2026,E0,Arsenal,Sunderland,S Barrott,HIGH CONFIDENCE,1.6,2.0,3.6,3.1765428,0.20755848,0.7924415,0.7040041781665322,Rolling market,0.08843730914578474,STRONG UNDER,UNDER 4.5,1.42,1.0,3,WIN,0.41999999999999993
2026-02-07,2026,E0,Burnley,West Ham,D England,HIGH CONFIDENCE,1.2,1.6,2.8,2.5782704,0.10045601,0.899544,0.7118739592799076,Rolling market,0.18767004134570275,STRONG UNDER,UNDER 4.5,1.4,1.0,4,WIN,0.3999999999999999
2026-02-08,2026,E0,Liverpool,Man City,C Pawson,HIGH CONFIDENCE,0.6,1.8,2.4,3.0752783,0.16046378,0.8395362,0.7216253554624891,Rolling market,0.11791083457046991,STRONG UNDER,UNDER 4.5,1.39,1.0,6,LOSS,-1.0
2026-02-11,2026,E0,Man City,Fulham,P Tierney,HIGH CONFIDENCE,1.4,3.2,4.6,2.6161907,0.22443438,0.7755656,0.7030805194805194,Rolling market,0.07248510475654113,STRONG UNDER,UNDER 4.5,1.42,1.0,4,WIN,0.41999999999999993
2026-02-12,2026,E0,Brentford,Arsenal,J Brooks,HIGH CONFIDENCE,1.2,1.4,2.5999999999999996,3.64099,0.13051133,0.86948866,0.7123680293387985,Rolling market,0.157120627182045,STRONG UNDER,UNDER 4.5,1.4,1.0,5,LOSS,-1.0
2026-02-21,2026,E0,Man City,Newcastle,T Bramall,HIGH CONFIDENCE,1.8,1.8,3.6,3.480621,0.22862932,0.77137065,0.7086161429451633,Rolling market,0.06275450639260527,STRONG UNDER,UNDER 4.5,1.41,1.0,7,LOSS,-1.0
2026-02-28,2026,E0,Bournemouth,Sunderland,J Gillett,HIGH CONFIDENCE,1.8,2.4,4.2,3.671738,0.19363244,0.8063676,0.6970815024198039,Rolling market,0.10928607370248,STRONG UNDER,UNDER 4.5,1.43,1.0,6,LOSS,-1.0
2026-02-28,2026,E0,Burnley,Brentford,S Barrott,HIGH CONFIDENCE,1.6,2.6,4.2,3.378784,0.19004655,0.80995345,0.691816938286494,Rolling market,0.11813651287012217,STRONG UNDER,UNDER 4.5,1.45,1.0,4,WIN,0.44999999999999996
2026-02-28,2026,E0,Liverpool,West Ham,T Robinson,HIGH CONFIDENCE,0.8,1.4,2.2,3.1699924,0.15844387,0.84155613,0.697161038357226,Rolling market,0.14439509348252622,STRONG UNDER,UNDER 4.5,1.43,1.0,4,WIN,0.42999999999999994
2026-03-03,2026,E0,Bournemouth,Brentford,C Pawson,HIGH CONFIDENCE,2.4,2.2,4.6,3.4970992,0.19960162,0.80039835,0.6973034484422886,Rolling market,0.10309490131967425,STRONG UNDER,UNDER 4.5,1.43,1.0,3,WIN,0.42999999999999994
2026-03-14,2026,E0,West Ham,Man City,M Oliver,HIGH CONFIDENCE,2.0,2.8,4.8,3.2667634,0.15193155,0.8480685,0.6954450941464128,Rolling market,0.15262338157685384,STRONG UNDER,UNDER 4.5,1.44,1.0,4,WIN,0.43999999999999995
2026-03-15,2026,E0,Liverpool,Tottenham,C Kavanagh,HIGH CONFIDENCE,1.2,2.0,3.2,3.6671302,0.16191268,0.8380873,0.6996844181459566,Rolling market,0.13840290218180218,STRONG UNDER,UNDER 4.5,1.43,1.0,0,WIN,0.42999999999999994
2026-04-11,2026,E0,Arsenal,Bournemouth,M Oliver,HIGH CONFIDENCE,1.2,2.0,3.2,3.6613612,0.11531997,0.88468003,0.6959028462998103,Rolling market,0.1887771864302923,STRONG UNDER,UNDER 4.5,1.44,1.0,4,WIN,0.43999999999999995
2026-04-11,2026,E0,Liverpool,Fulham,A Taylor,HIGH CONFIDENCE,1.2,2.2,3.4000000000000004,2.727408,0.081202336,0.9187977,0.7014676055235527,Rolling market,0.21733006627133866,STRONG UNDER,UNDER 4.5,1.43,1.0,0,WIN,0.42999999999999994
2026-04-19,2026,E0,Man City,Arsenal,A Taylor,HIGH CONFIDENCE,1.4,1.2,2.5999999999999996,2.775484,0.1650647,0.8349353,0.7079218328840972,Rolling market,0.12701347461864942,STRONG UNDER,UNDER 4.5,1.41,1.0,4,WIN,0.4099999999999999
2026-04-22,2026,E0,Burnley,Man City,A Madley,HIGH CONFIDENCE,1.8,2.6,4.4,3.3057368,0.09747179,0.9025282,0.7156717105364843,Rolling market,0.18685651583909557,STRONG UNDER,UNDER 4.5,1.4,1.0,0,WIN,0.3999999999999999
2026-04-25,2026,E0,Arsenal,Newcastle,S Barrott,HIGH CONFIDENCE,1.0,3.0,4.0,3.2659268,0.17228945,0.82771057,0.7138669737487471,Rolling market,0.11384359515612963,STRONG UNDER,UNDER 4.5,1.4,1.0,4,WIN,0.3999999999999999
