predicted_cards_lte,total_cards_last5_lte,value_edge_gt,over_4_5_prob_lt,total_bets,minimum_40_bets,win_rate,roi,avg_edge,avg_profit,season_min_roi,referee_min_roi,league_min_roi,season_positive_roi_rate,referee_positive_roi_rate,league_positive_roi_rate,roi_stability_std,stability_score,roi_by_season,roi_by_referee,roi_by_league
2.5,3.0,0.12,0.3,23,NO,0.8695652173913043,0.11869565217391306,0.16334426304352706,0.11869565217391306,-0.038571428571428513,-0.5766666666666667,0.11869565217391306,0.6666666666666666,0.8333333333333334,1.0,0.08960861687940345,0.02908703529450961,2022:15 bets/17.3%; 2023:7 bets/-3.9%; 2025:1 bets/41.0%,A Madley:3 bets/-57.7%; A Taylor:4 bets/-5.5%; C Pawson:2 bets/34.5%; D England:1 bets/34.0%; G Scott:1 bets/25.0%; J Brooks:1 bets/41.0%; J Moss:2 bets/26.0%; K Friend:1 bets/26.0%; M Atkinson:2 bets/26.5%; M Oliver:3 bets/27.7%; P Bankes:1 bets/35.0%; R Jones:2 bets/25.0%,E0:23 bets/11.9%
2.5,3.0,0.12,0.35,23,NO,0.8695652173913043,0.11869565217391306,0.16334426304352706,0.11869565217391306,-0.038571428571428513,-0.5766666666666667,0.11869565217391306,0.6666666666666666,0.8333333333333334,1.0,0.08960861687940345,0.02908703529450961,2022:15 bets/17.3%; 2023:7 bets/-3.9%; 2025:1 bets/41.0%,A Madley:3 bets/-57.7%; A Taylor:4 bets/-5.5%; C Pawson:2 bets/34.5%; D England:1 bets/34.0%; G Scott:1 bets/25.0%; J Brooks:1 bets/41.0%; J Moss:2 bets/26.0%; K Friend:1 bets/26.0%; M Atkinson:2 bets/26.5%; M Oliver:3 bets/27.7%; P Bankes:1 bets/35.0%; R Jones:2 bets/25.0%,E0:23 bets/11.9%
2.5,3.0,0.12,0.4,23,NO,0.8695652173913043,0.11869565217391306,0.16334426304352706,0.11869565217391306,-0.038571428571428513,-0.5766666666666667,0.11869565217391306,0.6666666666666666,0.8333333333333334,1.0,0.08960861687940345,0.02908703529450961,2022:15 bets/17.3%; 2023:7 bets/-3.9%; 2025:1 bets/41.0%,A Madley:3 bets/-57.7%; A Taylor:4 bets/-5.5%; C Pawson:2 bets/34.5%; D England:1 bets/34.0%; G Scott:1 bets/25.0%; J Brooks:1 bets/41.0%; J Moss:2 bets/26.0%; K Friend:1 bets/26.0%; M Atkinson:2 bets/26.5%; M Oliver:3 bets/27.7%; P Bankes:1 bets/35.0%; R Jones:2 bets/25.0%,E0:23 bets/11.9%
2.7,3.0,0.05,0.3,42,YES,0.8571428571428571,0.11476190476190481,0.14546700359850082,0.11476190476190481,0.027692307692307717,-0.375,0.11476190476190481,1.0,0.8333333333333334,1.0,0.04754911414202238,0.06721279061988243,2022:25 bets/10.8%; 2023:13 bets/2.8%; 2024:1 bets/54.0%; 2025:2 bets/40.5%; 2026:1 bets/40.0%,A Madley:4 bets/-36.5%; A Taylor:5 bets/1.0%; C Kavanagh:1 bets/24.0%; C Pawson:2 bets/34.5%; D Coote:2 bets/-37.0%; D England:2 bets/37.0%; G Scott:2 bets/-37.5%; J Brooks:2 bets/38.0%; J Gillett:1 bets/32.0%; J Moss:2 bets/26.0%; K Friend:1 bets/26.0%; M Atkinson:2 bets/26.5%; M Oliver:7 bets/12.1%; P Bankes:1 bets/35.0%; P Tierney:1 bets/54.0%; R Jones:3 bets/25.7%; S Attwell:2 bets/30.0%; S Hooper:2 bets/27.5%,E0:42 bets/11.5%
2.7,3.0,0.05,0.35,42,YES,0.8571428571428571,0.11476190476190481,0.14546700359850082,0.11476190476190481,0.027692307692307717,-0.375,0.11476190476190481,1.0,0.8333333333333334,1.0,0.04754911414202238,0.06721279061988243,2022:25 bets/10.8%; 2023:13 bets/2.8%; 2024:1 bets/54.0%; 2025:2 bets/40.5%; 2026:1 bets/40.0%,A Madley:4 bets/-36.5%; A Taylor:5 bets/1.0%; C Kavanagh:1 bets/24.0%; C Pawson:2 bets/34.5%; D Coote:2 bets/-37.0%; D England:2 bets/37.0%; G Scott:2 bets/-37.5%; J Brooks:2 bets/38.0%; J Gillett:1 bets/32.0%; J Moss:2 bets/26.0%; K Friend:1 bets/26.0%; M Atkinson:2 bets/26.5%; M Oliver:7 bets/12.1%; P Bankes:1 bets/35.0%; P Tierney:1 bets/54.0%; R Jones:3 bets/25.7%; S Attwell:2 bets/30.0%; S Hooper:2 bets/27.5%,E0:42 bets/11.5%
2.7,3.0,0.05,0.4,42,YES,0.8571428571428571,0.11476190476190481,0.14546700359850082,0.11476190476190481,0.027692307692307717,-0.375,0.11476190476190481,1.0,0.8333333333333334,1.0,0.04754911414202238,0.06721279061988243,2022:25 bets/10.8%; 2023:13 bets/2.8%; 2024:1 bets/54.0%; 2025:2 bets/40.5%; 2026:1 bets/40.0%,A Madley:4 bets/-36.5%; A Taylor:5 bets/1.0%; C Kavanagh:1 bets/24.0%; C Pawson:2 bets/34.5%; D Coote:2 bets/-37.0%; D England:2 bets/37.0%; G Scott:2 bets/-37.5%; J Brooks:2 bets/38.0%; J Gillett:1 bets/32.0%; J Moss:2 bets/26.0%; K Friend:1 bets/26.0%; M Atkinson:2 bets/26.5%; M Oliver:7 bets/12.1%; P Bankes:1 bets/35.0%; P Tierney:1 bets/54.0%; R Jones:3 bets/25.7%; S Attwell:2 bets/30.0%; S Hooper:2 bets/27.5%,E0:42 bets/11.5%
2.7,3.5,0.12,0.3,48,YES,0.8541666666666666,0.10479166666666669,0.1601028084047332,0.10479166666666669,-0.02499999999999996,-0.37,0.10479166666666669,0.75,0.7894736842105263,1.0,0.21150293500863437,-0.10671126834196769,2022:28 bets/16.7%; 2023:18 bets/-2.5%; 2025:1 bets/41.0%; 2026:1 bets/40.0%,A Madley:6 bets/-15.7%; A Taylor:6 bets/-37.0%; C Kavanagh:2 bets/32.0%; C Pawson:2 bets/34.5%; D Coote:2 bets/-37.0%; D England:2 bets/37.0%; G Scott:1 bets/25.0%; J Brooks:2 bets/38.0%; J Gillett:1 bets/32.0%; J Moss:2 bets/26.0%; K Friend:1 bets/26.0%; M Atkinson:4 bets/25.2%; M Oliver:4 bets/-4.2%; M Salisbury:1 bets/32.0%; P Bankes:2 bets/35.5%; P Tierney:2 bets/35.5%; R Jones:5 bets/26.0%; S Attwell:2 bets/30.0%; S Hooper:1 bets/27.0%,E0:48 bets/10.5%
2.7,3.5,0.12,0.35,48,YES,0.8541666666666666,0.10479166666666669,0.1601028084047332,0.10479166666666669,-0.02499999999999996,-0.37,0.10479166666666669,0.75,0.7894736842105263,1.0,0.21150293500863437,-0.10671126834196769,2022:28 bets/16.7%; 2023:18 bets/-2.5%; 2025:1 bets/41.0%; 2026:1 bets/40.0%,A Madley:6 bets/-15.7%; A Taylor:6 bets/-37.0%; C Kavanagh:2 bets/32.0%; C Pawson:2 bets/34.5%; D Coote:2 bets/-37.0%; D England:2 bets/37.0%; G Scott:1 bets/25.0%; J Brooks:2 bets/38.0%; J Gillett:1 bets/32.0%; J Moss:2 bets/26.0%; K Friend:1 bets/26.0%; M Atkinson:4 bets/25.2%; M Oliver:4 bets/-4.2%; M Salisbury:1 bets/32.0%; P Bankes:2 bets/35.5%; P Tierney:2 bets/35.5%; R Jones:5 bets/26.0%; S Attwell:2 bets/30.0%; S Hooper:1 bets/27.0%,E0:48 bets/10.5%
2.7,3.5,0.12,0.4,48,YES,0.8541666666666666,0.10479166666666669,0.1601028084047332,0.10479166666666669,-0.02499999999999996,-0.37,0.10479166666666669,0.75,0.7894736842105263,1.0,0.21150293500863437,-0.10671126834196769,2022:28 bets/16.7%; 2023:18 bets/-2.5%; 2025:1 bets/41.0%; 2026:1 bets/40.0%,A Madley:6 bets/-15.7%; A Taylor:6 bets/-37.0%; C Kavanagh:2 bets/32.0%; C Pawson:2 bets/34.5%; D Coote:2 bets/-37.0%; D England:2 bets/37.0%; G Scott:1 bets/25.0%; J Brooks:2 bets/38.0%; J Gillett:1 bets/32.0%; J Moss:2 bets/26.0%; K Friend:1 bets/26.0%; M Atkinson:4 bets/25.2%; M Oliver:4 bets/-4.2%; M Salisbury:1 bets/32.0%; P Bankes:2 bets/35.5%; P Tierney:2 bets/35.5%; R Jones:5 bets/26.0%; S Attwell:2 bets/30.0%; S Hooper:1 bets/27.0%,E0:48 bets/10.5%
2.5,3.0,0.05,0.3,28,NO,0.8571428571428571,0.10357142857142858,0.15086956010842917,0.10357142857142858,0.038888888888888945,-0.5766666666666667,0.10357142857142858,1.0,0.8461538461538461,1.0,0.09752063176866389,0.006050796802764685,2022:18 bets/11.9%; 2023:9 bets/3.9%; 2025:1 bets/41.0%,A Madley:3 bets/-57.7%; A Taylor:5 bets/1.0%; C Pawson:2 bets/34.5%; D England:1 bets/34.0%; G Scott:2 bets/-37.5%; J Brooks:1 bets/41.0%; J Moss:2 bets/26.0%; K Friend:1 bets/26.0%; M Atkinson:2 bets/26.5%; M Oliver:5 bets/29.0%; P Bankes:1 bets/35.0%; R Jones:2 bets/25.0%; S Hooper:1 bets/28.0%,E0:28 bets/10.4%
2.5,3.0,0.05,0.35,28,NO,0.8571428571428571,0.10357142857142858,0.15086956010842917,0.10357142857142858,0.038888888888888945,-0.5766666666666667,0.10357142857142858,1.0,0.8461538461538461,1.0,0.09752063176866389,0.006050796802764685,2022:18 bets/11.9%; 2023:9 bets/3.9%; 2025:1 bets/41.0%,A Madley:3 bets/-57.7%; A Taylor:5 bets/1.0%; C Pawson:2 bets/34.5%; D England:1 bets/34.0%; G Scott:2 bets/-37.5%; J Brooks:1 bets/41.0%; J Moss:2 bets/26.0%; K Friend:1 bets/26.0%; M Atkinson:2 bets/26.5%; M Oliver:5 bets/29.0%; P Bankes:1 bets/35.0%; R Jones:2 bets/25.0%; S Hooper:1 bets/28.0%,E0:28 bets/10.4%
2.5,3.0,0.05,0.4,28,NO,0.8571428571428571,0.10357142857142858,0.15086956010842917,0.10357142857142858,0.038888888888888945,-0.5766666666666667,0.10357142857142858,1.0,0.8461538461538461,1.0,0.09752063176866389,0.006050796802764685,2022:18 bets/11.9%; 2023:9 bets/3.9%; 2025:1 bets/41.0%,A Madley:3 bets/-57.7%; A Taylor:5 bets/1.0%; C Pawson:2 bets/34.5%; D England:1 bets/34.0%; G Scott:2 bets/-37.5%; J Brooks:1 bets/41.0%; J Moss:2 bets/26.0%; K Friend:1 bets/26.0%; M Atkinson:2 bets/26.5%; M Oliver:5 bets/29.0%; P Bankes:1 bets/35.0%; R Jones:2 bets/25.0%; S Hooper:1 bets/28.0%,E0:28 bets/10.4%
2.7,3.0,0.12,0.3,34,NO,0.8529411764705882,0.10117647058823531,0.1590947517303734,0.10117647058823531,-0.023636363636363577,-0.37,0.10117647058823531,0.75,0.75,1.0,0.0690487852230224,0.03212768536521292,2022:21 bets/13.8%; 2023:11 bets/-2.4%; 2025:1 bets/41.0%; 2026:1 bets/40.0%,A Madley:4 bets/-36.5%; A Taylor:4 bets/-5.5%; C Kavanagh:1 bets/24.0%; C Pawson:2 bets/34.5%; D Coote:2 bets/-37.0%; D England:2 bets/37.0%; G Scott:1 bets/25.0%; J Brooks:2 bets/38.0%; J Gillett:1 bets/32.0%; J Moss:2 bets/26.0%; K Friend:1 bets/26.0%; M Atkinson:2 bets/26.5%; M Oliver:4 bets/-4.2%; P Bankes:1 bets/35.0%; R Jones:3 bets/25.7%; S Attwell:2 bets/30.0%,E0:34 bets/10.1%
2.7,3.0,0.12,0.35,34,NO,0.8529411764705882,0.10117647058823531,0.1590947517303734,0.10117647058823531,-0.023636363636363577,-0.37,0.10117647058823531,0.75,0.75,1.0,0.0690487852230224,0.03212768536521292,2022:21 bets/13.8%; 2023:11 bets/-2.4%; 2025:1 bets/41.0%; 2026:1 bets/40.0%,A Madley:4 bets/-36.5%; A Taylor:4 bets/-5.5%; C Kavanagh:1 bets/24.0%; C Pawson:2 bets/34.5%; D Coote:2 bets/-37.0%; D England:2 bets/37.0%; G Scott:1 bets/25.0%; J Brooks:2 bets/38.0%; J Gillett:1 bets/32.0%; J Moss:2 bets/26.0%; K Friend:1 bets/26.0%; M Atkinson:2 bets/26.5%; M Oliver:4 bets/-4.2%; P Bankes:1 bets/35.0%; R Jones:3 bets/25.7%; S Attwell:2 bets/30.0%,E0:34 bets/10.1%
2.7,3.0,0.12,0.4,34,NO,0.8529411764705882,0.10117647058823531,0.1590947517303734,0.10117647058823531,-0.023636363636363577,-0.37,0.10117647058823531,0.75,0.75,1.0,0.0690487852230224,0.03212768536521292,2022:21 bets/13.8%; 2023:11 bets/-2.4%; 2025:1 bets/41.0%; 2026:1 bets/40.0%,A Madley:4 bets/-36.5%; A Taylor:4 bets/-5.5%; C Kavanagh:1 bets/24.0%; C Pawson:2 bets/34.5%; D Coote:2 bets/-37.0%; D England:2 bets/37.0%; G Scott:1 bets/25.0%; J Brooks:2 bets/38.0%; J Gillett:1 bets/32.0%; J Moss:2 bets/26.0%; K Friend:1 bets/26.0%; M Atkinson:2 bets/26.5%; M Oliver:4 bets/-4.2%; P Bankes:1 bets/35.0%; R Jones:3 bets/25.7%; S Attwell:2 bets/30.0%,E0:34 bets/10.1%
2.7,3.0,0.08,0.3,39,NO,0.8461538461538461,0.10102564102564103,0.15177157002996197,0.10102564102564103,0.0016666666666667052,-0.375,0.10102564102564103,1.0,0.7777777777777778,1.0,0.0401522444708815,0.06087339655475953,2022:23 bets/9.4%; 2023:12 bets/0.2%; 2024:1 bets/54.0%; 2025:2 bets/40.5%; 2026:1 bets/40.0%,A Madley:4 bets/-36.5%; A Taylor:4 bets/-5.5%; C Kavanagh:1 bets/24.0%; C Pawson:2 bets/34.5%; D Coote:2 bets/-37.0%; D England:2 bets/37.0%; G Scott:2 bets/-37.5%; J Brooks:2 bets/38.0%; J Gillett:1 bets/32.0%; J Moss:2 bets/26.0%; K Friend:1 bets/26.0%; M Atkinson:2 bets/26.5%; M Oliver:6 bets/8.5%; P Bankes:1 bets/35.0%; P Tierney:1 bets/54.0%; R Jones:3 bets/25.7%; S Attwell:2 bets/30.0%; S Hooper:1 bets/28.0%,E0:39 bets/10.1%
2.7,3.0,0.08,0.35,39,NO,0.8461538461538461,0.10102564102564103,0.15177157002996197,0.10102564102564103,0.0016666666666667052,-0.375,0.10102564102564103,1.0,0.7777777777777778,1.0,0.0401522444708815,0.06087339655475953,2022:23 bets/9.4%; 2023:12 bets/0.2%; 2024:1 bets/54.0%; 2025:2 bets/40.5%; 2026:1 bets/40.0%,A Madley:4 bets/-36.5%; A Taylor:4 bets/-5.5%; C Kavanagh:1 bets/24.0%; C Pawson:2 bets/34.5%; D Coote:2 bets/-37.0%; D England:2 bets/37.0%; G Scott:2 bets/-37.5%; J Brooks:2 bets/38.0%; J Gillett:1 bets/32.0%; J Moss:2 bets/26.0%; K Friend:1 bets/26.0%; M Atkinson:2 bets/26.5%; M Oliver:6 bets/8.5%; P Bankes:1 bets/35.0%; P Tierney:1 bets/54.0%; R Jones:3 bets/25.7%; S Attwell:2 bets/30.0%; S Hooper:1 bets/28.0%,E0:39 bets/10.1%
2.7,3.0,0.08,0.4,39,NO,0.8461538461538461,0.10102564102564103,0.15177157002996197,0.10102564102564103,0.0016666666666667052,-0.375,0.10102564102564103,1.0,0.7777777777777778,1.0,0.0401522444708815,0.06087339655475953,2022:23 bets/9.4%; 2023:12 bets/0.2%; 2024:1 bets/54.0%; 2025:2 bets/40.5%; 2026:1 bets/40.0%,A Madley:4 bets/-36.5%; A Taylor:4 bets/-5.5%; C Kavanagh:1 bets/24.0%; C Pawson:2 bets/34.5%; D Coote:2 bets/-37.0%; D England:2 bets/37.0%; G Scott:2 bets/-37.5%; J Brooks:2 bets/38.0%; J Gillett:1 bets/32.0%; J Moss:2 bets/26.0%; K Friend:1 bets/26.0%; M Atkinson:2 bets/26.5%; M Oliver:6 bets/8.5%; P Bankes:1 bets/35.0%; P Tierney:1 bets/54.0%; R Jones:3 bets/25.7%; S Attwell:2 bets/30.0%; S Hooper:1 bets/28.0%,E0:39 bets/10.1%
2.5,3.0,0.08,0.3,26,NO,0.8461538461538461,0.08807692307692311,0.1577571558881618,0.08807692307692311,0.0012500000000000566,-0.5766666666666667,0.08807692307692311,1.0,0.7692307692307693,1.0,0.0469587269995697,0.04111819607735341,2022:17 bets/11.0%; 2023:8 bets/0.1%; 2025:1 bets/41.0%,A Madley:3 bets/-57.7%; A Taylor:4 bets/-5.5%; C Pawson:2 bets/34.5%; D England:1 bets/34.0%; G Scott:2 bets/-37.5%; J Brooks:1 bets/41.0%; J Moss:2 bets/26.0%; K Friend:1 bets/26.0%; M Atkinson:2 bets/26.5%; M Oliver:4 bets/27.8%; P Bankes:1 bets/35.0%; R Jones:2 bets/25.0%; S Hooper:1 bets/28.0%,E0:26 bets/8.8%
2.5,3.0,0.08,0.35,26,NO,0.8461538461538461,0.08807692307692311,0.1577571558881618,0.08807692307692311,0.0012500000000000566,-0.5766666666666667,0.08807692307692311,1.0,0.7692307692307693,1.0,0.0469587269995697,0.04111819607735341,2022:17 bets/11.0%; 2023:8 bets/0.1%; 2025:1 bets/41.0%,A Madley:3 bets/-57.7%; A Taylor:4 bets/-5.5%; C Pawson:2 bets/34.5%; D England:1 bets/34.0%; G Scott:2 bets/-37.5%; J Brooks:1 bets/41.0%; J Moss:2 bets/26.0%; K Friend:1 bets/26.0%; M Atkinson:2 bets/26.5%; M Oliver:4 bets/27.8%; P Bankes:1 bets/35.0%; R Jones:2 bets/25.0%; S Hooper:1 bets/28.0%,E0:26 bets/8.8%
2.5,3.0,0.08,0.4,26,NO,0.8461538461538461,0.08807692307692311,0.1577571558881618,0.08807692307692311,0.0012500000000000566,-0.5766666666666667,0.08807692307692311,1.0,0.7692307692307693,1.0,0.0469587269995697,0.04111819607735341,2022:17 bets/11.0%; 2023:8 bets/0.1%; 2025:1 bets/41.0%,A Madley:3 bets/-57.7%; A Taylor:4 bets/-5.5%; C Pawson:2 bets/34.5%; D England:1 bets/34.0%; G Scott:2 bets/-37.5%; J Brooks:1 bets/41.0%; J Moss:2 bets/26.0%; K Friend:1 bets/26.0%; M Atkinson:2 bets/26.5%; M Oliver:4 bets/27.8%; P Bankes:1 bets/35.0%; R Jones:2 bets/25.0%; S Hooper:1 bets/28.0%,E0:26 bets/8.8%
2.5,3.0,0.1,0.3,26,NO,0.8461538461538461,0.08807692307692311,0.1577571558881618,0.08807692307692311,0.0012500000000000566,-0.5766666666666667,0.08807692307692311,1.0,0.7692307692307693,1.0,0.0469587269995697,0.04111819607735341,2022:17 bets/11.0%; 2023:8 bets/0.1%; 2025:1 bets/41.0%,A Madley:3 bets/-57.7%; A Taylor:4 bets/-5.5%; C Pawson:2 bets/34.5%; D England:1 bets/34.0%; G Scott:2 bets/-37.5%; J Brooks:1 bets/41.0%; J Moss:2 bets/26.0%; K Friend:1 bets/26.0%; M Atkinson:2 bets/26.5%; M Oliver:4 bets/27.8%; P Bankes:1 bets/35.0%; R Jones:2 bets/25.0%; S Hooper:1 bets/28.0%,E0:26 bets/8.8%
2.5,3.0,0.1,0.35,26,NO,0.8461538461538461,0.08807692307692311,0.1577571558881618,0.08807692307692311,0.0012500000000000566,-0.5766666666666667,0.08807692307692311,1.0,0.7692307692307693,1.0,0.0469587269995697,0.04111819607735341,2022:17 bets/11.0%; 2023:8 bets/0.1%; 2025:1 bets/41.0%,A Madley:3 bets/-57.7%; A Taylor:4 bets/-5.5%; C Pawson:2 bets/34.5%; D England:1 bets/34.0%; G Scott:2 bets/-37.5%; J Brooks:1 bets/41.0%; J Moss:2 bets/26.0%; K Friend:1 bets/26.0%; M Atkinson:2 bets/26.5%; M Oliver:4 bets/27.8%; P Bankes:1 bets/35.0%; R Jones:2 bets/25.0%; S Hooper:1 bets/28.0%,E0:26 bets/8.8%
2.5,3.0,0.1,0.4,26,NO,0.8461538461538461,0.08807692307692311,0.1577571558881618,0.08807692307692311,0.0012500000000000566,-0.5766666666666667,0.08807692307692311,1.0,0.7692307692307693,1.0,0.0469587269995697,0.04111819607735341,2022:17 bets/11.0%; 2023:8 bets/0.1%; 2025:1 bets/41.0%,A Madley:3 bets/-57.7%; A Taylor:4 bets/-5.5%; C Pawson:2 bets/34.5%; D England:1 bets/34.0%; G Scott:2 bets/-37.5%; J Brooks:1 bets/41.0%; J Moss:2 bets/26.0%; K Friend:1 bets/26.0%; M Atkinson:2 bets/26.5%; M Oliver:4 bets/27.8%; P Bankes:1 bets/35.0%; R Jones:2 bets/25.0%; S Hooper:1 bets/28.0%,E0:26 bets/8.8%
2.8,3.0,0.08,0.3,42,YES,0.8333333333333334,0.08571428571428573,0.15044159607699514,0.08571428571428573,-0.07538461538461533,-0.375,0.08571428571428573,0.8,0.7777777777777778,1.0,0.06465242093906727,0.02106186477521846,2022:24 bets/10.1%; 2023:13 bets/-7.5%; 2024:1 bets/54.0%; 2025:2 bets/40.5%; 2026:2 bets/40.5%,A Madley:4 bets/-36.5%; A Taylor:5 bets/3.8%; C Kavanagh:1 bets/24.0%; C Pawson:2 bets/34.5%; D Coote:2 bets/-37.0%; D England:2 bets/37.0%; G Scott:2 bets/-37.5%; J Brooks:2 bets/38.0%; J Gillett:1 bets/32.0%; J Moss:2 bets/26.0%; K Friend:1 bets/26.0%; M Atkinson:3 bets/26.0%; M Oliver:6 bets/8.5%; P Bankes:2 bets/-32.5%; P Tierney:1 bets/54.0%; R Jones:3 bets/25.7%; S Attwell:2 bets/30.0%; S Hooper:1 bets/28.0%,E0:42 bets/8.6%
2.8,3.0,0.08,0.35,42,YES,0.8333333333333334,0.08571428571428573,0.15044159607699514,0.08571428571428573,-0.07538461538461533,-0.375,0.08571428571428573,0.8,0.7777777777777778,1.0,0.06465242093906727,0.02106186477521846,2022:24 bets/10.1%; 2023:13 bets/-7.5%; 2024:1 bets/54.0%; 2025:2 bets/40.5%; 2026:2 bets/40.5%,A Madley:4 bets/-36.5%; A Taylor:5 bets/3.8%; C Kavanagh:1 bets/24.0%; C Pawson:2 bets/34.5%; D Coote:2 bets/-37.0%; D England:2 bets/37.0%; G Scott:2 bets/-37.5%; J Brooks:2 bets/38.0%; J Gillett:1 bets/32.0%; J Moss:2 bets/26.0%; K Friend:1 bets/26.0%; M Atkinson:3 bets/26.0%; M Oliver:6 bets/8.5%; P Bankes:2 bets/-32.5%; P Tierney:1 bets/54.0%; R Jones:3 bets/25.7%; S Attwell:2 bets/30.0%; S Hooper:1 bets/28.0%,E0:42 bets/8.6%
2.8,3.0,0.08,0.4,42,YES,0.8333333333333334,0.08571428571428573,0.15044159607699514,0.08571428571428573,-0.07538461538461533,-0.375,0.08571428571428573,0.8,0.7777777777777778,1.0,0.06465242093906727,0.02106186477521846,2022:24 bets/10.1%; 2023:13 bets/-7.5%; 2024:1 bets/54.0%; 2025:2 bets/40.5%; 2026:2 bets/40.5%,A Madley:4 bets/-36.5%; A Taylor:5 bets/3.8%; C Kavanagh:1 bets/24.0%; C Pawson:2 bets/34.5%; D Coote:2 bets/-37.0%; D England:2 bets/37.0%; G Scott:2 bets/-37.5%; J Brooks:2 bets/38.0%; J Gillett:1 bets/32.0%; J Moss:2 bets/26.0%; K Friend:1 bets/26.0%; M Atkinson:3 bets/26.0%; M Oliver:6 bets/8.5%; P Bankes:2 bets/-32.5%; P Tierney:1 bets/54.0%; R Jones:3 bets/25.7%; S Attwell:2 bets/30.0%; S Hooper:1 bets/28.0%,E0:42 bets/8.6%
2.7,3.5,0.05,0.3,61,YES,0.8360655737704918,0.08508196721311477,0.1450258545652942,0.08508196721311477,0.00850000000000004,-0.375,0.08508196721311477,1.0,0.7894736842105263,1.0,0.17715039543040068,-0.0920684282172859,2022:36 bets/8.4%; 2023:20 bets/0.9%; 2024:1 bets/54.0%; 2025:3 bets/35.7%; 2026:1 bets/40.0%,A Madley:7 bets/-27.7%; A Taylor:7 bets/-27.9%; C Kavanagh:2 bets/32.0%; C Pawson:4 bets/30.3%; D Coote:2 bets/-37.0%; D England:2 bets/37.0%; G Scott:2 bets/-37.5%; J Brooks:2 bets/38.0%; J Gillett:1 bets/32.0%; J Moss:2 bets/26.0%; K Friend:1 bets/26.0%; M Atkinson:5 bets/0.2%; M Oliver:7 bets/12.1%; M Salisbury:2 bets/29.0%; P Bankes:2 bets/35.5%; P Tierney:3 bets/41.7%; R Jones:5 bets/26.0%; S Attwell:2 bets/30.0%; S Hooper:3 bets/27.3%,E0:61 bets/8.5%
2.7,3.5,0.05,0.35,61,YES,0.8360655737704918,0.08508196721311477,0.1450258545652942,0.08508196721311477,0.00850000000000004,-0.375,0.08508196721311477,1.0,0.7894736842105263,1.0,0.17715039543040068,-0.0920684282172859,2022:36 bets/8.4%; 2023:20 bets/0.9%; 2024:1 bets/54.0%; 2025:3 bets/35.7%; 2026:1 bets/40.0%,A Madley:7 bets/-27.7%; A Taylor:7 bets/-27.9%; C Kavanagh:2 bets/32.0%; C Pawson:4 bets/30.3%; D Coote:2 bets/-37.0%; D England:2 bets/37.0%; G Scott:2 bets/-37.5%; J Brooks:2 bets/38.0%; J Gillett:1 bets/32.0%; J Moss:2 bets/26.0%; K Friend:1 bets/26.0%; M Atkinson:5 bets/0.2%; M Oliver:7 bets/12.1%; M Salisbury:2 bets/29.0%; P Bankes:2 bets/35.5%; P Tierney:3 bets/41.7%; R Jones:5 bets/26.0%; S Attwell:2 bets/30.0%; S Hooper:3 bets/27.3%,E0:61 bets/8.5%
2.7,3.5,0.05,0.4,61,YES,0.8360655737704918,0.08508196721311477,0.1450258545652942,0.08508196721311477,0.00850000000000004,-0.375,0.08508196721311477,1.0,0.7894736842105263,1.0,0.17715039543040068,-0.0920684282172859,2022:36 bets/8.4%; 2023:20 bets/0.9%; 2024:1 bets/54.0%; 2025:3 bets/35.7%; 2026:1 bets/40.0%,A Madley:7 bets/-27.7%; A Taylor:7 bets/-27.9%; C Kavanagh:2 bets/32.0%; C Pawson:4 bets/30.3%; D Coote:2 bets/-37.0%; D England:2 bets/37.0%; G Scott:2 bets/-37.5%; J Brooks:2 bets/38.0%; J Gillett:1 bets/32.0%; J Moss:2 bets/26.0%; K Friend:1 bets/26.0%; M Atkinson:5 bets/0.2%; M Oliver:7 bets/12.1%; M Salisbury:2 bets/29.0%; P Bankes:2 bets/35.5%; P Tierney:3 bets/41.7%; R Jones:5 bets/26.0%; S Attwell:2 bets/30.0%; S Hooper:3 bets/27.3%,E0:61 bets/8.5%
2.5,3.5,0.12,0.3,31,NO,0.8387096774193549,0.08354838709677422,0.16365528927731163,0.08354838709677422,-0.12727272727272723,-0.5766666666666667,0.08354838709677422,0.6666666666666666,0.8571428571428571,1.0,0.21382865823137862,-0.1302802711346044,2022:19 bets/18.8%; 2023:11 bets/-12.7%; 2025:1 bets/41.0%,A Madley:3 bets/-57.7%; A Taylor:6 bets/-37.0%; C Kavanagh:1 bets/40.0%; C Pawson:2 bets/34.5%; D England:1 bets/34.0%; G Scott:1 bets/25.0%; J Brooks:1 bets/41.0%; J Moss:2 bets/26.0%; K Friend:1 bets/26.0%; M Atkinson:4 bets/25.2%; M Oliver:3 bets/27.7%; P Bankes:1 bets/35.0%; P Tierney:2 bets/35.5%; R Jones:3 bets/25.7%,E0:31 bets/8.4%
2.5,3.5,0.12,0.35,31,NO,0.8387096774193549,0.08354838709677422,0.16365528927731163,0.08354838709677422,-0.12727272727272723,-0.5766666666666667,0.08354838709677422,0.6666666666666666,0.8571428571428571,1.0,0.21382865823137862,-0.1302802711346044,2022:19 bets/18.8%; 2023:11 bets/-12.7%; 2025:1 bets/41.0%,A Madley:3 bets/-57.7%; A Taylor:6 bets/-37.0%; C Kavanagh:1 bets/40.0%; C Pawson:2 bets/34.5%; D England:1 bets/34.0%; G Scott:1 bets/25.0%; J Brooks:1 bets/41.0%; J Moss:2 bets/26.0%; K Friend:1 bets/26.0%; M Atkinson:4 bets/25.2%; M Oliver:3 bets/27.7%; P Bankes:1 bets/35.0%; P Tierney:2 bets/35.5%; R Jones:3 bets/25.7%,E0:31 bets/8.4%
2.5,3.5,0.12,0.4,31,NO,0.8387096774193549,0.08354838709677422,0.16365528927731163,0.08354838709677422,-0.12727272727272723,-0.5766666666666667,0.08354838709677422,0.6666666666666666,0.8571428571428571,1.0,0.21382865823137862,-0.1302802711346044,2022:19 bets/18.8%; 2023:11 bets/-12.7%; 2025:1 bets/41.0%,A Madley:3 bets/-57.7%; A Taylor:6 bets/-37.0%; C Kavanagh:1 bets/40.0%; C Pawson:2 bets/34.5%; D England:1 bets/34.0%; G Scott:1 bets/25.0%; J Brooks:1 bets/41.0%; J Moss:2 bets/26.0%; K Friend:1 bets/26.0%; M Atkinson:4 bets/25.2%; M Oliver:3 bets/27.7%; P Bankes:1 bets/35.0%; P Tierney:2 bets/35.5%; R Jones:3 bets/25.7%,E0:31 bets/8.4%
2.6,3.0,0.12,0.3,31,NO,0.8387096774193549,0.08258064516129032,0.16066871142507613,0.08258064516129032,-0.06099999999999994,-0.37,0.08258064516129032,0.75,0.75,1.0,0.07933850664367896,0.003242138517611362,2022:19 bets/12.4%; 2023:10 bets/-6.1%; 2025:1 bets/41.0%; 2026:1 bets/40.0%,A Madley:4 bets/-36.5%; A Taylor:4 bets/-5.5%; C Kavanagh:1 bets/24.0%; C Pawson:2 bets/34.5%; D Coote:2 bets/-37.0%; D England:2 bets/37.0%; G Scott:1 bets/25.0%; J Brooks:1 bets/41.0%; J Gillett:1 bets/32.0%; J Moss:2 bets/26.0%; K Friend:1 bets/26.0%; M Atkinson:2 bets/26.5%; M Oliver:4 bets/-4.2%; P Bankes:1 bets/35.0%; R Jones:2 bets/25.0%; S Attwell:1 bets/34.0%,E0:31 bets/8.3%
2.6,3.0,0.12,0.35,31,NO,0.8387096774193549,0.08258064516129032,0.16066871142507613,0.08258064516129032,-0.06099999999999994,-0.37,0.08258064516129032,0.75,0.75,1.0,0.07933850664367896,0.003242138517611362,2022:19 bets/12.4%; 2023:10 bets/-6.1%; 2025:1 bets/41.0%; 2026:1 bets/40.0%,A Madley:4 bets/-36.5%; A Taylor:4 bets/-5.5%; C Kavanagh:1 bets/24.0%; C Pawson:2 bets/34.5%; D Coote:2 bets/-37.0%; D England:2 bets/37.0%; G Scott:1 bets/25.0%; J Brooks:1 bets/41.0%; J Gillett:1 bets/32.0%; J Moss:2 bets/26.0%; K Friend:1 bets/26.0%; M Atkinson:2 bets/26.5%; M Oliver:4 bets/-4.2%; P Bankes:1 bets/35.0%; R Jones:2 bets/25.0%; S Attwell:1 bets/34.0%,E0:31 bets/8.3%
2.6,3.0,0.12,0.4,31,NO,0.8387096774193549,0.08258064516129032,0.16066871142507613,0.08258064516129032,-0.06099999999999994,-0.37,0.08258064516129032,0.75,0.75,1.0,0.07933850664367896,0.003242138517611362,2022:19 bets/12.4%; 2023:10 bets/-6.1%; 2025:1 bets/41.0%; 2026:1 bets/40.0%,A Madley:4 bets/-36.5%; A Taylor:4 bets/-5.5%; C Kavanagh:1 bets/24.0%; C Pawson:2 bets/34.5%; D Coote:2 bets/-37.0%; D England:2 bets/37.0%; G Scott:1 bets/25.0%; J Brooks:1 bets/41.0%; J Gillett:1 bets/32.0%; J Moss:2 bets/26.0%; K Friend:1 bets/26.0%; M Atkinson:2 bets/26.5%; M Oliver:4 bets/-4.2%; P Bankes:1 bets/35.0%; R Jones:2 bets/25.0%; S Attwell:1 bets/34.0%,E0:31 bets/8.3%
2.7,3.0,0.1,0.3,37,NO,0.8378378378378378,0.0810810810810811,0.1555132314033454,0.0810810810810811,0.0016666666666667052,-0.375,0.0810810810810811,1.0,0.7647058823529411,1.0,0.03889945338384161,0.04218162769723949,2022:23 bets/9.4%; 2023:12 bets/0.2%; 2025:1 bets/41.0%; 2026:1 bets/40.0%,A Madley:4 bets/-36.5%; A Taylor:4 bets/-5.5%; C Kavanagh:1 bets/24.0%; C Pawson:2 bets/34.5%; D Coote:2 bets/-37.0%; D England:2 bets/37.0%; G Scott:2 bets/-37.5%; J Brooks:2 bets/38.0%; J Gillett:1 bets/32.0%; J Moss:2 bets/26.0%; K Friend:1 bets/26.0%; M Atkinson:2 bets/26.5%; M Oliver:5 bets/2.2%; P Bankes:1 bets/35.0%; R Jones:3 bets/25.7%; S Attwell:2 bets/30.0%; S Hooper:1 bets/28.0%,E0:37 bets/8.1%
2.7,3.0,0.1,0.35,37,NO,0.8378378378378378,0.0810810810810811,0.1555132314033454,0.0810810810810811,0.0016666666666667052,-0.375,0.0810810810810811,1.0,0.7647058823529411,1.0,0.03889945338384161,0.04218162769723949,2022:23 bets/9.4%; 2023:12 bets/0.2%; 2025:1 bets/41.0%; 2026:1 bets/40.0%,A Madley:4 bets/-36.5%; A Taylor:4 bets/-5.5%; C Kavanagh:1 bets/24.0%; C Pawson:2 bets/34.5%; D Coote:2 bets/-37.0%; D England:2 bets/37.0%; G Scott:2 bets/-37.5%; J Brooks:2 bets/38.0%; J Gillett:1 bets/32.0%; J Moss:2 bets/26.0%; K Friend:1 bets/26.0%; M Atkinson:2 bets/26.5%; M Oliver:5 bets/2.2%; P Bankes:1 bets/35.0%; R Jones:3 bets/25.7%; S Attwell:2 bets/30.0%; S Hooper:1 bets/28.0%,E0:37 bets/8.1%
2.7,3.0,0.1,0.4,37,NO,0.8378378378378378,0.0810810810810811,0.1555132314033454,0.0810810810810811,0.0016666666666667052,-0.375,0.0810810810810811,1.0,0.7647058823529411,1.0,0.03889945338384161,0.04218162769723949,2022:23 bets/9.4%; 2023:12 bets/0.2%; 2025:1 bets/41.0%; 2026:1 bets/40.0%,A Madley:4 bets/-36.5%; A Taylor:4 bets/-5.5%; C Kavanagh:1 bets/24.0%; C Pawson:2 bets/34.5%; D Coote:2 bets/-37.0%; D England:2 bets/37.0%; G Scott:2 bets/-37.5%; J Brooks:2 bets/38.0%; J Gillett:1 bets/32.0%; J Moss:2 bets/26.0%; K Friend:1 bets/26.0%; M Atkinson:2 bets/26.5%; M Oliver:5 bets/2.2%; P Bankes:1 bets/35.0%; R Jones:3 bets/25.7%; S Attwell:2 bets/30.0%; S Hooper:1 bets/28.0%,E0:37 bets/8.1%
2.8,3.5,0.12,0.3,53,YES,0.8301886792452831,0.07962264150943398,0.16035802554098466,0.07962264150943398,-0.05499999999999996,-0.37,0.07962264150943398,0.75,0.7368421052631579,1.0,0.18225343147914444,-0.10263078996971046,2022:29 bets/12.7%; 2023:20 bets/-5.5%; 2025:1 bets/41.0%; 2026:3 bets/41.3%,A Madley:7 bets/-27.7%; A Taylor:8 bets/-17.2%; C Kavanagh:3 bets/33.0%; C Pawson:2 bets/34.5%; D Coote:2 bets/-37.0%; D England:2 bets/37.0%; G Scott:1 bets/25.0%; J Brooks:2 bets/38.0%; J Gillett:1 bets/32.0%; J Moss:2 bets/26.0%; K Friend:1 bets/26.0%; M Atkinson:4 bets/25.2%; M Oliver:4 bets/-4.2%; M Salisbury:1 bets/32.0%; P Bankes:3 bets/-9.7%; P Tierney:2 bets/35.5%; R Jones:5 bets/26.0%; S Attwell:2 bets/30.0%; S Hooper:1 bets/27.0%,E0:53 bets/8.0%
2.8,3.5,0.12,0.35,53,YES,0.8301886792452831,0.07962264150943398,0.16035802554098466,0.07962264150943398,-0.05499999999999996,-0.37,0.07962264150943398,0.75,0.7368421052631579,1.0,0.18225343147914444,-0.10263078996971046,2022:29 bets/12.7%; 2023:20 bets/-5.5%; 2025:1 bets/41.0%; 2026:3 bets/41.3%,A Madley:7 bets/-27.7%; A Taylor:8 bets/-17.2%; C Kavanagh:3 bets/33.0%; C Pawson:2 bets/34.5%; D Coote:2 bets/-37.0%; D England:2 bets/37.0%; G Scott:1 bets/25.0%; J Brooks:2 bets/38.0%; J Gillett:1 bets/32.0%; J Moss:2 bets/26.0%; K Friend:1 bets/26.0%; M Atkinson:4 bets/25.2%; M Oliver:4 bets/-4.2%; M Salisbury:1 bets/32.0%; P Bankes:3 bets/-9.7%; P Tierney:2 bets/35.5%; R Jones:5 bets/26.0%; S Attwell:2 bets/30.0%; S Hooper:1 bets/27.0%,E0:53 bets/8.0%
2.8,3.5,0.12,0.4,53,YES,0.8301886792452831,0.07962264150943398,0.16035802554098466,0.07962264150943398,-0.05499999999999996,-0.37,0.07962264150943398,0.75,0.7368421052631579,1.0,0.18225343147914444,-0.10263078996971046,2022:29 bets/12.7%; 2023:20 bets/-5.5%; 2025:1 bets/41.0%; 2026:3 bets/41.3%,A Madley:7 bets/-27.7%; A Taylor:8 bets/-17.2%; C Kavanagh:3 bets/33.0%; C Pawson:2 bets/34.5%; D Coote:2 bets/-37.0%; D England:2 bets/37.0%; G Scott:1 bets/25.0%; J Brooks:2 bets/38.0%; J Gillett:1 bets/32.0%; J Moss:2 bets/26.0%; K Friend:1 bets/26.0%; M Atkinson:4 bets/25.2%; M Oliver:4 bets/-4.2%; M Salisbury:1 bets/32.0%; P Bankes:3 bets/-9.7%; P Tierney:2 bets/35.5%; R Jones:5 bets/26.0%; S Attwell:2 bets/30.0%; S Hooper:1 bets/27.0%,E0:53 bets/8.0%
2.8,3.0,0.12,0.3,36,NO,0.8333333333333334,0.07916666666666668,0.1581750463450928,0.07916666666666668,-0.10499999999999994,-0.37,0.07916666666666668,0.75,0.75,1.0,0.08953550040021051,-0.01036883373354383,2022:21 bets/13.8%; 2023:12 bets/-10.5%; 2025:1 bets/41.0%; 2026:2 bets/40.5%,A Madley:4 bets/-36.5%; A Taylor:5 bets/3.8%; C Kavanagh:1 bets/24.0%; C Pawson:2 bets/34.5%; D Coote:2 bets/-37.0%; D England:2 bets/37.0%; G Scott:1 bets/25.0%; J Brooks:2 bets/38.0%; J Gillett:1 bets/32.0%; J Moss:2 bets/26.0%; K Friend:1 bets/26.0%; M Atkinson:2 bets/26.5%; M Oliver:4 bets/-4.2%; P Bankes:2 bets/-32.5%; R Jones:3 bets/25.7%; S Attwell:2 bets/30.0%,E0:36 bets/7.9%
2.8,3.0,0.12,0.35,36,NO,0.8333333333333334,0.07916666666666668,0.1581750463450928,0.07916666666666668,-0.10499999999999994,-0.37,0.07916666666666668,0.75,0.75,1.0,0.08953550040021051,-0.01036883373354383,2022:21 bets/13.8%; 2023:12 bets/-10.5%; 2025:1 bets/41.0%; 2026:2 bets/40.5%,A Madley:4 bets/-36.5%; A Taylor:5 bets/3.8%; C Kavanagh:1 bets/24.0%; C Pawson:2 bets/34.5%; D Coote:2 bets/-37.0%; D England:2 bets/37.0%; G Scott:1 bets/25.0%; J Brooks:2 bets/38.0%; J Gillett:1 bets/32.0%; J Moss:2 bets/26.0%; K Friend:1 bets/26.0%; M Atkinson:2 bets/26.5%; M Oliver:4 bets/-4.2%; P Bankes:2 bets/-32.5%; R Jones:3 bets/25.7%; S Attwell:2 bets/30.0%,E0:36 bets/7.9%
2.8,3.0,0.12,0.4,36,NO,0.8333333333333334,0.07916666666666668,0.1581750463450928,0.07916666666666668,-0.10499999999999994,-0.37,0.07916666666666668,0.75,0.75,1.0,0.08953550040021051,-0.01036883373354383,2022:21 bets/13.8%; 2023:12 bets/-10.5%; 2025:1 bets/41.0%; 2026:2 bets/40.5%,A Madley:4 bets/-36.5%; A Taylor:5 bets/3.8%; C Kavanagh:1 bets/24.0%; C Pawson:2 bets/34.5%; D Coote:2 bets/-37.0%; D England:2 bets/37.0%; G Scott:1 bets/25.0%; J Brooks:2 bets/38.0%; J Gillett:1 bets/32.0%; J Moss:2 bets/26.0%; K Friend:1 bets/26.0%; M Atkinson:2 bets/26.5%; M Oliver:4 bets/-4.2%; P Bankes:2 bets/-32.5%; R Jones:3 bets/25.7%; S Attwell:2 bets/30.0%,E0:36 bets/7.9%
2.6,3.0,0.05,0.3,36,NO,0.8333333333333334,0.07583333333333336,0.1513377690892293,0.07583333333333336,0.0008333333333333895,-0.375,0.07583333333333336,1.0,0.8235294117647058,1.0,0.03650983866794303,0.039323494665390334,2022:22 bets/8.7%; 2023:12 bets/0.1%; 2025:1 bets/41.0%; 2026:1 bets/40.0%,A Madley:4 bets/-36.5%; A Taylor:5 bets/1.0%; C Kavanagh:1 bets/24.0%; C Pawson:2 bets/34.5%; D Coote:2 bets/-37.0%; D England:2 bets/37.0%; G Scott:2 bets/-37.5%; J Brooks:1 bets/41.0%; J Gillett:1 bets/32.0%; J Moss:2 bets/26.0%; K Friend:1 bets/26.0%; M Atkinson:2 bets/26.5%; M Oliver:6 bets/7.5%; P Bankes:1 bets/35.0%; R Jones:2 bets/25.0%; S Attwell:1 bets/34.0%; S Hooper:1 bets/28.0%,E0:36 bets/7.6%
2.6,3.0,0.05,0.35,36,NO,0.8333333333333334,0.07583333333333336,0.1513377690892293,0.07583333333333336,0.0008333333333333895,-0.375,0.07583333333333336,1.0,0.8235294117647058,1.0,0.03650983866794303,0.039323494665390334,2022:22 bets/8.7%; 2023:12 bets/0.1%; 2025:1 bets/41.0%; 2026:1 bets/40.0%,A Madley:4 bets/-36.5%; A Taylor:5 bets/1.0%; C Kavanagh:1 bets/24.0%; C Pawson:2 bets/34.5%; D Coote:2 bets/-37.0%; D England:2 bets/37.0%; G Scott:2 bets/-37.5%; J Brooks:1 bets/41.0%; J Gillett:1 bets/32.0%; J Moss:2 bets/26.0%; K Friend:1 bets/26.0%; M Atkinson:2 bets/26.5%; M Oliver:6 bets/7.5%; P Bankes:1 bets/35.0%; R Jones:2 bets/25.0%; S Attwell:1 bets/34.0%; S Hooper:1 bets/28.0%,E0:36 bets/7.6%
2.6,3.0,0.05,0.4,36,NO,0.8333333333333334,0.07583333333333336,0.1513377690892293,0.07583333333333336,0.0008333333333333895,-0.375,0.07583333333333336,1.0,0.8235294117647058,1.0,0.03650983866794303,0.039323494665390334,2022:22 bets/8.7%; 2023:12 bets/0.1%; 2025:1 bets/41.0%; 2026:1 bets/40.0%,A Madley:4 bets/-36.5%; A Taylor:5 bets/1.0%; C Kavanagh:1 bets/24.0%; C Pawson:2 bets/34.5%; D Coote:2 bets/-37.0%; D England:2 bets/37.0%; G Scott:2 bets/-37.5%; J Brooks:1 bets/41.0%; J Gillett:1 bets/32.0%; J Moss:2 bets/26.0%; K Friend:1 bets/26.0%; M Atkinson:2 bets/26.5%; M Oliver:6 bets/7.5%; P Bankes:1 bets/35.0%; R Jones:2 bets/25.0%; S Attwell:1 bets/34.0%; S Hooper:1 bets/28.0%,E0:36 bets/7.6%
2.8,3.0,0.05,0.3,46,YES,0.8260869565217391,0.07565217391304349,0.14272792455315647,0.07565217391304349,-0.04571428571428567,-0.5833333333333334,0.07565217391304349,0.8,0.7777777777777778,1.0,0.055911077616509375,0.019741096296534116,2022:27 bets/7.3%; 2023:14 bets/-4.6%; 2024:1 bets/54.0%; 2025:2 bets/40.5%; 2026:2 bets/40.5%,A Madley:4 bets/-36.5%; A Taylor:6 bets/7.7%; C Kavanagh:1 bets/24.0%; C Pawson:2 bets/34.5%; D Coote:2 bets/-37.0%; D England:2 bets/37.0%; G Scott:3 bets/-58.3%; J Brooks:2 bets/38.0%; J Gillett:1 bets/32.0%; J Moss:2 bets/26.0%; K Friend:1 bets/26.0%; M Atkinson:3 bets/26.0%; M Oliver:7 bets/12.1%; P Bankes:2 bets/-32.5%; P Tierney:1 bets/54.0%; R Jones:3 bets/25.7%; S Attwell:2 bets/30.0%; S Hooper:2 bets/27.5%,E0:46 bets/7.6%
2.8,3.0,0.05,0.35,46,YES,0.8260869565217391,0.07565217391304349,0.14272792455315647,0.07565217391304349,-0.04571428571428567,-0.5833333333333334,0.07565217391304349,0.8,0.7777777777777778,1.0,0.055911077616509375,0.019741096296534116,2022:27 bets/7.3%; 2023:14 bets/-4.6%; 2024:1 bets/54.0%; 2025:2 bets/40.5%; 2026:2 bets/40.5%,A Madley:4 bets/-36.5%; A Taylor:6 bets/7.7%; C Kavanagh:1 bets/24.0%; C Pawson:2 bets/34.5%; D Coote:2 bets/-37.0%; D England:2 bets/37.0%; G Scott:3 bets/-58.3%; J Brooks:2 bets/38.0%; J Gillett:1 bets/32.0%; J Moss:2 bets/26.0%; K Friend:1 bets/26.0%; M Atkinson:3 bets/26.0%; M Oliver:7 bets/12.1%; P Bankes:2 bets/-32.5%; P Tierney:1 bets/54.0%; R Jones:3 bets/25.7%; S Attwell:2 bets/30.0%; S Hooper:2 bets/27.5%,E0:46 bets/7.6%
2.8,3.0,0.05,0.4,46,YES,0.8260869565217391,0.07565217391304349,0.14272792455315647,0.07565217391304349,-0.04571428571428567,-0.5833333333333334,0.07565217391304349,0.8,0.7777777777777778,1.0,0.055911077616509375,0.019741096296534116,2022:27 bets/7.3%; 2023:14 bets/-4.6%; 2024:1 bets/54.0%; 2025:2 bets/40.5%; 2026:2 bets/40.5%,A Madley:4 bets/-36.5%; A Taylor:6 bets/7.7%; C Kavanagh:1 bets/24.0%; C Pawson:2 bets/34.5%; D Coote:2 bets/-37.0%; D England:2 bets/37.0%; G Scott:3 bets/-58.3%; J Brooks:2 bets/38.0%; J Gillett:1 bets/32.0%; J Moss:2 bets/26.0%; K Friend:1 bets/26.0%; M Atkinson:3 bets/26.0%; M Oliver:7 bets/12.1%; P Bankes:2 bets/-32.5%; P Tierney:1 bets/54.0%; R Jones:3 bets/25.7%; S Attwell:2 bets/30.0%; S Hooper:2 bets/27.5%,E0:46 bets/7.6%
2.7,3.5,0.1,0.3,53,YES,0.8301886792452831,0.07245283018867926,0.1554720056410833,0.07245283018867926,-0.008947368421052593,-0.375,0.07245283018867926,0.75,0.7894736842105263,1.0,0.17467061873828502,-0.10221778854960575,2022:32 bets/10.0%; 2023:19 bets/-0.9%; 2025:1 bets/41.0%; 2026:1 bets/40.0%,A Madley:6 bets/-15.7%; A Taylor:6 bets/-37.0%; C Kavanagh:2 bets/32.0%; C Pawson:3 bets/31.3%; D Coote:2 bets/-37.0%; D England:2 bets/37.0%; G Scott:2 bets/-37.5%; J Brooks:2 bets/38.0%; J Gillett:1 bets/32.0%; J Moss:2 bets/26.0%; K Friend:1 bets/26.0%; M Atkinson:5 bets/0.2%; M Oliver:5 bets/2.2%; M Salisbury:1 bets/32.0%; P Bankes:2 bets/35.5%; P Tierney:2 bets/35.5%; R Jones:5 bets/26.0%; S Attwell:2 bets/30.0%; S Hooper:2 bets/27.5%,E0:53 bets/7.2%
2.7,3.5,0.1,0.35,53,YES,0.8301886792452831,0.07245283018867926,0.1554720056410833,0.07245283018867926,-0.008947368421052593,-0.375,0.07245283018867926,0.75,0.7894736842105263,1.0,0.17467061873828502,-0.10221778854960575,2022:32 bets/10.0%; 2023:19 bets/-0.9%; 2025:1 bets/41.0%; 2026:1 bets/40.0%,A Madley:6 bets/-15.7%; A Taylor:6 bets/-37.0%; C Kavanagh:2 bets/32.0%; C Pawson:3 bets/31.3%; D Coote:2 bets/-37.0%; D England:2 bets/37.0%; G Scott:2 bets/-37.5%; J Brooks:2 bets/38.0%; J Gillett:1 bets/32.0%; J Moss:2 bets/26.0%; K Friend:1 bets/26.0%; M Atkinson:5 bets/0.2%; M Oliver:5 bets/2.2%; M Salisbury:1 bets/32.0%; P Bankes:2 bets/35.5%; P Tierney:2 bets/35.5%; R Jones:5 bets/26.0%; S Attwell:2 bets/30.0%; S Hooper:2 bets/27.5%,E0:53 bets/7.2%
2.7,3.5,0.1,0.4,53,YES,0.8301886792452831,0.07245283018867926,0.1554720056410833,0.07245283018867926,-0.008947368421052593,-0.375,0.07245283018867926,0.75,0.7894736842105263,1.0,0.17467061873828502,-0.10221778854960575,2022:32 bets/10.0%; 2023:19 bets/-0.9%; 2025:1 bets/41.0%; 2026:1 bets/40.0%,A Madley:6 bets/-15.7%; A Taylor:6 bets/-37.0%; C Kavanagh:2 bets/32.0%; C Pawson:3 bets/31.3%; D Coote:2 bets/-37.0%; D England:2 bets/37.0%; G Scott:2 bets/-37.5%; J Brooks:2 bets/38.0%; J Gillett:1 bets/32.0%; J Moss:2 bets/26.0%; K Friend:1 bets/26.0%; M Atkinson:5 bets/0.2%; M Oliver:5 bets/2.2%; M Salisbury:1 bets/32.0%; P Bankes:2 bets/35.5%; P Tierney:2 bets/35.5%; R Jones:5 bets/26.0%; S Attwell:2 bets/30.0%; S Hooper:2 bets/27.5%,E0:53 bets/7.2%
2.6,3.5,0.12,0.3,41,YES,0.8292682926829268,0.07170731707317074,0.16150011867333827,0.07170731707317074,-0.09866666666666664,-0.37,0.07170731707317074,0.75,0.7647058823529411,1.0,0.19217568398844168,-0.12046836691527094,2022:24 bets/15.0%; 2023:15 bets/-9.9%; 2025:1 bets/41.0%; 2026:1 bets/40.0%,A Madley:5 bets/-24.0%; A Taylor:6 bets/-37.0%; C Kavanagh:2 bets/32.0%; C Pawson:2 bets/34.5%; D Coote:2 bets/-37.0%; D England:2 bets/37.0%; G Scott:1 bets/25.0%; J Brooks:1 bets/41.0%; J Gillett:1 bets/32.0%; J Moss:2 bets/26.0%; K Friend:1 bets/26.0%; M Atkinson:4 bets/25.2%; M Oliver:4 bets/-4.2%; P Bankes:1 bets/35.0%; P Tierney:2 bets/35.5%; R Jones:4 bets/25.8%; S Attwell:1 bets/34.0%,E0:41 bets/7.2%
2.6,3.5,0.12,0.35,41,YES,0.8292682926829268,0.07170731707317074,0.16150011867333827,0.07170731707317074,-0.09866666666666664,-0.37,0.07170731707317074,0.75,0.7647058823529411,1.0,0.19217568398844168,-0.12046836691527094,2022:24 bets/15.0%; 2023:15 bets/-9.9%; 2025:1 bets/41.0%; 2026:1 bets/40.0%,A Madley:5 bets/-24.0%; A Taylor:6 bets/-37.0%; C Kavanagh:2 bets/32.0%; C Pawson:2 bets/34.5%; D Coote:2 bets/-37.0%; D England:2 bets/37.0%; G Scott:1 bets/25.0%; J Brooks:1 bets/41.0%; J Gillett:1 bets/32.0%; J Moss:2 bets/26.0%; K Friend:1 bets/26.0%; M Atkinson:4 bets/25.2%; M Oliver:4 bets/-4.2%; P Bankes:1 bets/35.0%; P Tierney:2 bets/35.5%; R Jones:4 bets/25.8%; S Attwell:1 bets/34.0%,E0:41 bets/7.2%
2.6,3.5,0.12,0.4,41,YES,0.8292682926829268,0.07170731707317074,0.16150011867333827,0.07170731707317074,-0.09866666666666664,-0.37,0.07170731707317074,0.75,0.7647058823529411,1.0,0.19217568398844168,-0.12046836691527094,2022:24 bets/15.0%; 2023:15 bets/-9.9%; 2025:1 bets/41.0%; 2026:1 bets/40.0%,A Madley:5 bets/-24.0%; A Taylor:6 bets/-37.0%; C Kavanagh:2 bets/32.0%; C Pawson:2 bets/34.5%; D Coote:2 bets/-37.0%; D England:2 bets/37.0%; G Scott:1 bets/25.0%; J Brooks:1 bets/41.0%; J Gillett:1 bets/32.0%; J Moss:2 bets/26.0%; K Friend:1 bets/26.0%; M Atkinson:4 bets/25.2%; M Oliver:4 bets/-4.2%; P Bankes:1 bets/35.0%; P Tierney:2 bets/35.5%; R Jones:4 bets/25.8%; S Attwell:1 bets/34.0%,E0:41 bets/7.2%
2.7,3.5,0.08,0.3,57,YES,0.8245614035087719,0.07087719298245614,0.15088500756595938,0.07087719298245614,-0.008947368421052593,-0.375,0.07087719298245614,0.8,0.7894736842105263,1.0,0.1918354503667022,-0.12095825738424605,2022:33 bets/6.7%; 2023:19 bets/-0.9%; 2024:1 bets/54.0%; 2025:3 bets/35.7%; 2026:1 bets/40.0%,A Madley:7 bets/-27.7%; A Taylor:6 bets/-37.0%; C Kavanagh:2 bets/32.0%; C Pawson:3 bets/31.3%; D Coote:2 bets/-37.0%; D England:2 bets/37.0%; G Scott:2 bets/-37.5%; J Brooks:2 bets/38.0%; J Gillett:1 bets/32.0%; J Moss:2 bets/26.0%; K Friend:1 bets/26.0%; M Atkinson:5 bets/0.2%; M Oliver:6 bets/8.5%; M Salisbury:2 bets/29.0%; P Bankes:2 bets/35.5%; P Tierney:3 bets/41.7%; R Jones:5 bets/26.0%; S Attwell:2 bets/30.0%; S Hooper:2 bets/27.5%,E0:57 bets/7.1%
2.7,3.5,0.08,0.35,57,YES,0.8245614035087719,0.07087719298245614,0.15088500756595938,0.07087719298245614,-0.008947368421052593,-0.375,0.07087719298245614,0.8,0.7894736842105263,1.0,0.1918354503667022,-0.12095825738424605,2022:33 bets/6.7%; 2023:19 bets/-0.9%; 2024:1 bets/54.0%; 2025:3 bets/35.7%; 2026:1 bets/40.0%,A Madley:7 bets/-27.7%; A Taylor:6 bets/-37.0%; C Kavanagh:2 bets/32.0%; C Pawson:3 bets/31.3%; D Coote:2 bets/-37.0%; D England:2 bets/37.0%; G Scott:2 bets/-37.5%; J Brooks:2 bets/38.0%; J Gillett:1 bets/32.0%; J Moss:2 bets/26.0%; K Friend:1 bets/26.0%; M Atkinson:5 bets/0.2%; M Oliver:6 bets/8.5%; M Salisbury:2 bets/29.0%; P Bankes:2 bets/35.5%; P Tierney:3 bets/41.7%; R Jones:5 bets/26.0%; S Attwell:2 bets/30.0%; S Hooper:2 bets/27.5%,E0:57 bets/7.1%
2.7,3.5,0.08,0.4,57,YES,0.8245614035087719,0.07087719298245614,0.15088500756595938,0.07087719298245614,-0.008947368421052593,-0.375,0.07087719298245614,0.8,0.7894736842105263,1.0,0.1918354503667022,-0.12095825738424605,2022:33 bets/6.7%; 2023:19 bets/-0.9%; 2024:1 bets/54.0%; 2025:3 bets/35.7%; 2026:1 bets/40.0%,A Madley:7 bets/-27.7%; A Taylor:6 bets/-37.0%; C Kavanagh:2 bets/32.0%; C Pawson:3 bets/31.3%; D Coote:2 bets/-37.0%; D England:2 bets/37.0%; G Scott:2 bets/-37.5%; J Brooks:2 bets/38.0%; J Gillett:1 bets/32.0%; J Moss:2 bets/26.0%; K Friend:1 bets/26.0%; M Atkinson:5 bets/0.2%; M Oliver:6 bets/8.5%; M Salisbury:2 bets/29.0%; P Bankes:2 bets/35.5%; P Tierney:3 bets/41.7%; R Jones:5 bets/26.0%; S Attwell:2 bets/30.0%; S Hooper:2 bets/27.5%,E0:57 bets/7.1%
2.8,3.5,0.05,0.3,70,YES,0.8142857142857143,0.06657142857142859,0.14308033125684225,0.06657142857142859,0.006086956521739184,-0.5833333333333334,0.06657142857142859,1.0,0.75,1.0,0.17313778139050626,-0.10656635281907767,2022:39 bets/3.2%; 2023:23 bets/0.6%; 2024:1 bets/54.0%; 2025:4 bets/37.0%; 2026:3 bets/41.3%,A Madley:8 bets/-36.8%; A Taylor:9 bets/-12.3%; C Kavanagh:3 bets/33.0%; C Pawson:4 bets/30.3%; D Coote:2 bets/-37.0%; D England:2 bets/37.0%; G Scott:3 bets/-58.3%; J Brooks:2 bets/38.0%; J Gillett:1 bets/32.0%; J Moss:2 bets/26.0%; K Friend:1 bets/26.0%; M Atkinson:6 bets/4.3%; M Oliver:7 bets/12.1%; M Salisbury:3 bets/40.0%; P Bankes:3 bets/-9.7%; P Tierney:3 bets/41.7%; R Jones:5 bets/26.0%; S Attwell:2 bets/30.0%; S Hooper:3 bets/27.3%; T Bramall:1 bets/41.0%,E0:70 bets/6.7%
2.8,3.5,0.05,0.35,70,YES,0.8142857142857143,0.06657142857142859,0.14308033125684225,0.06657142857142859,0.006086956521739184,-0.5833333333333334,0.06657142857142859,1.0,0.75,1.0,0.17313778139050626,-0.10656635281907767,2022:39 bets/3.2%; 2023:23 bets/0.6%; 2024:1 bets/54.0%; 2025:4 bets/37.0%; 2026:3 bets/41.3%,A Madley:8 bets/-36.8%; A Taylor:9 bets/-12.3%; C Kavanagh:3 bets/33.0%; C Pawson:4 bets/30.3%; D Coote:2 bets/-37.0%; D England:2 bets/37.0%; G Scott:3 bets/-58.3%; J Brooks:2 bets/38.0%; J Gillett:1 bets/32.0%; J Moss:2 bets/26.0%; K Friend:1 bets/26.0%; M Atkinson:6 bets/4.3%; M Oliver:7 bets/12.1%; M Salisbury:3 bets/40.0%; P Bankes:3 bets/-9.7%; P Tierney:3 bets/41.7%; R Jones:5 bets/26.0%; S Attwell:2 bets/30.0%; S Hooper:3 bets/27.3%; T Bramall:1 bets/41.0%,E0:70 bets/6.7%
2.8,3.5,0.05,0.4,70,YES,0.8142857142857143,0.06657142857142859,0.14308033125684225,0.06657142857142859,0.006086956521739184,-0.5833333333333334,0.06657142857142859,1.0,0.75,1.0,0.17313778139050626,-0.10656635281907767,2022:39 bets/3.2%; 2023:23 bets/0.6%; 2024:1 bets/54.0%; 2025:4 bets/37.0%; 2026:3 bets/41.3%,A Madley:8 bets/-36.8%; A Taylor:9 bets/-12.3%; C Kavanagh:3 bets/33.0%; C Pawson:4 bets/30.3%; D Coote:2 bets/-37.0%; D England:2 bets/37.0%; G Scott:3 bets/-58.3%; J Brooks:2 bets/38.0%; J Gillett:1 bets/32.0%; J Moss:2 bets/26.0%; K Friend:1 bets/26.0%; M Atkinson:6 bets/4.3%; M Oliver:7 bets/12.1%; M Salisbury:3 bets/40.0%; P Bankes:3 bets/-9.7%; P Tierney:3 bets/41.7%; R Jones:5 bets/26.0%; S Attwell:2 bets/30.0%; S Hooper:3 bets/27.3%; T Bramall:1 bets/41.0%,E0:70 bets/6.7%
2.8,3.0,0.1,0.3,40,YES,0.825,0.06650000000000003,0.15383613414972647,0.06650000000000003,-0.07538461538461533,-0.375,0.06650000000000003,0.75,0.7647058823529411,1.0,0.05930053755328982,0.007199462446710214,2022:24 bets/10.1%; 2023:13 bets/-7.5%; 2025:1 bets/41.0%; 2026:2 bets/40.5%,A Madley:4 bets/-36.5%; A Taylor:5 bets/3.8%; C Kavanagh:1 bets/24.0%; C Pawson:2 bets/34.5%; D Coote:2 bets/-37.0%; D England:2 bets/37.0%; G Scott:2 bets/-37.5%; J Brooks:2 bets/38.0%; J Gillett:1 bets/32.0%; J Moss:2 bets/26.0%; K Friend:1 bets/26.0%; M Atkinson:3 bets/26.0%; M Oliver:5 bets/2.2%; P Bankes:2 bets/-32.5%; R Jones:3 bets/25.7%; S Attwell:2 bets/30.0%; S Hooper:1 bets/28.0%,E0:40 bets/6.7%
2.8,3.0,0.1,0.35,40,YES,0.825,0.06650000000000003,0.15383613414972647,0.06650000000000003,-0.07538461538461533,-0.375,0.06650000000000003,0.75,0.7647058823529411,1.0,0.05930053755328982,0.007199462446710214,2022:24 bets/10.1%; 2023:13 bets/-7.5%; 2025:1 bets/41.0%; 2026:2 bets/40.5%,A Madley:4 bets/-36.5%; A Taylor:5 bets/3.8%; C Kavanagh:1 bets/24.0%; C Pawson:2 bets/34.5%; D Coote:2 bets/-37.0%; D England:2 bets/37.0%; G Scott:2 bets/-37.5%; J Brooks:2 bets/38.0%; J Gillett:1 bets/32.0%; J Moss:2 bets/26.0%; K Friend:1 bets/26.0%; M Atkinson:3 bets/26.0%; M Oliver:5 bets/2.2%; P Bankes:2 bets/-32.5%; R Jones:3 bets/25.7%; S Attwell:2 bets/30.0%; S Hooper:1 bets/28.0%,E0:40 bets/6.7%
2.8,3.0,0.1,0.4,40,YES,0.825,0.06650000000000003,0.15383613414972647,0.06650000000000003,-0.07538461538461533,-0.375,0.06650000000000003,0.75,0.7647058823529411,1.0,0.05930053755328982,0.007199462446710214,2022:24 bets/10.1%; 2023:13 bets/-7.5%; 2025:1 bets/41.0%; 2026:2 bets/40.5%,A Madley:4 bets/-36.5%; A Taylor:5 bets/3.8%; C Kavanagh:1 bets/24.0%; C Pawson:2 bets/34.5%; D Coote:2 bets/-37.0%; D England:2 bets/37.0%; G Scott:2 bets/-37.5%; J Brooks:2 bets/38.0%; J Gillett:1 bets/32.0%; J Moss:2 bets/26.0%; K Friend:1 bets/26.0%; M Atkinson:3 bets/26.0%; M Oliver:5 bets/2.2%; P Bankes:2 bets/-32.5%; R Jones:3 bets/25.7%; S Attwell:2 bets/30.0%; S Hooper:1 bets/28.0%,E0:40 bets/6.7%
2.8,3.5,0.1,0.3,60,YES,0.8166666666666667,0.06500000000000002,0.15477404804304748,0.06500000000000002,-0.009090909090909049,-0.375,0.06500000000000002,0.75,0.7368421052631579,1.0,0.15248960486778956,-0.08748960486778955,2022:34 bets/7.2%; 2023:22 bets/-0.9%; 2025:1 bets/41.0%; 2026:3 bets/41.3%,A Madley:7 bets/-27.7%; A Taylor:8 bets/-17.2%; C Kavanagh:3 bets/33.0%; C Pawson:3 bets/31.3%; D Coote:2 bets/-37.0%; D England:2 bets/37.0%; G Scott:2 bets/-37.5%; J Brooks:2 bets/38.0%; J Gillett:1 bets/32.0%; J Moss:2 bets/26.0%; K Friend:1 bets/26.0%; M Atkinson:6 bets/4.3%; M Oliver:5 bets/2.2%; M Salisbury:2 bets/47.0%; P Bankes:3 bets/-9.7%; P Tierney:2 bets/35.5%; R Jones:5 bets/26.0%; S Attwell:2 bets/30.0%; S Hooper:2 bets/27.5%,E0:60 bets/6.5%
2.8,3.5,0.1,0.35,60,YES,0.8166666666666667,0.06500000000000002,0.15477404804304748,0.06500000000000002,-0.009090909090909049,-0.375,0.06500000000000002,0.75,0.7368421052631579,1.0,0.15248960486778956,-0.08748960486778955,2022:34 bets/7.2%; 2023:22 bets/-0.9%; 2025:1 bets/41.0%; 2026:3 bets/41.3%,A Madley:7 bets/-27.7%; A Taylor:8 bets/-17.2%; C Kavanagh:3 bets/33.0%; C Pawson:3 bets/31.3%; D Coote:2 bets/-37.0%; D England:2 bets/37.0%; G Scott:2 bets/-37.5%; J Brooks:2 bets/38.0%; J Gillett:1 bets/32.0%; J Moss:2 bets/26.0%; K Friend:1 bets/26.0%; M Atkinson:6 bets/4.3%; M Oliver:5 bets/2.2%; M Salisbury:2 bets/47.0%; P Bankes:3 bets/-9.7%; P Tierney:2 bets/35.5%; R Jones:5 bets/26.0%; S Attwell:2 bets/30.0%; S Hooper:2 bets/27.5%,E0:60 bets/6.5%
2.8,3.5,0.1,0.4,60,YES,0.8166666666666667,0.06500000000000002,0.15477404804304748,0.06500000000000002,-0.009090909090909049,-0.375,0.06500000000000002,0.75,0.7368421052631579,1.0,0.15248960486778956,-0.08748960486778955,2022:34 bets/7.2%; 2023:22 bets/-0.9%; 2025:1 bets/41.0%; 2026:3 bets/41.3%,A Madley:7 bets/-27.7%; A Taylor:8 bets/-17.2%; C Kavanagh:3 bets/33.0%; C Pawson:3 bets/31.3%; D Coote:2 bets/-37.0%; D England:2 bets/37.0%; G Scott:2 bets/-37.5%; J Brooks:2 bets/38.0%; J Gillett:1 bets/32.0%; J Moss:2 bets/26.0%; K Friend:1 bets/26.0%; M Atkinson:6 bets/4.3%; M Oliver:5 bets/2.2%; M Salisbury:2 bets/47.0%; P Bankes:3 bets/-9.7%; P Tierney:2 bets/35.5%; R Jones:5 bets/26.0%; S Attwell:2 bets/30.0%; S Hooper:2 bets/27.5%,E0:60 bets/6.5%
2.8,3.5,0.08,0.3,64,YES,0.8125,0.06406250000000002,0.1507323752322675,0.06406250000000002,-0.009090909090909049,-0.375,0.06406250000000002,0.8,0.7368421052631579,1.0,0.17572580008714775,-0.11166330008714773,2022:35 bets/4.1%; 2023:22 bets/-0.9%; 2024:1 bets/54.0%; 2025:3 bets/35.7%; 2026:3 bets/41.3%,A Madley:8 bets/-36.8%; A Taylor:8 bets/-17.2%; C Kavanagh:3 bets/33.0%; C Pawson:3 bets/31.3%; D Coote:2 bets/-37.0%; D England:2 bets/37.0%; G Scott:2 bets/-37.5%; J Brooks:2 bets/38.0%; J Gillett:1 bets/32.0%; J Moss:2 bets/26.0%; K Friend:1 bets/26.0%; M Atkinson:6 bets/4.3%; M Oliver:6 bets/8.5%; M Salisbury:3 bets/40.0%; P Bankes:3 bets/-9.7%; P Tierney:3 bets/41.7%; R Jones:5 bets/26.0%; S Attwell:2 bets/30.0%; S Hooper:2 bets/27.5%,E0:64 bets/6.4%
2.8,3.5,0.08,0.35,64,YES,0.8125,0.06406250000000002,0.1507323752322675,0.06406250000000002,-0.009090909090909049,-0.375,0.06406250000000002,0.8,0.7368421052631579,1.0,0.17572580008714775,-0.11166330008714773,2022:35 bets/4.1%; 2023:22 bets/-0.9%; 2024:1 bets/54.0%; 2025:3 bets/35.7%; 2026:3 bets/41.3%,A Madley:8 bets/-36.8%; A Taylor:8 bets/-17.2%; C Kavanagh:3 bets/33.0%; C Pawson:3 bets/31.3%; D Coote:2 bets/-37.0%; D England:2 bets/37.0%; G Scott:2 bets/-37.5%; J Brooks:2 bets/38.0%; J Gillett:1 bets/32.0%; J Moss:2 bets/26.0%; K Friend:1 bets/26.0%; M Atkinson:6 bets/4.3%; M Oliver:6 bets/8.5%; M Salisbury:3 bets/40.0%; P Bankes:3 bets/-9.7%; P Tierney:3 bets/41.7%; R Jones:5 bets/26.0%; S Attwell:2 bets/30.0%; S Hooper:2 bets/27.5%,E0:64 bets/6.4%
2.8,3.5,0.08,0.4,64,YES,0.8125,0.06406250000000002,0.1507323752322675,0.06406250000000002,-0.009090909090909049,-0.375,0.06406250000000002,0.8,0.7368421052631579,1.0,0.17572580008714775,-0.11166330008714773,2022:35 bets/4.1%; 2023:22 bets/-0.9%; 2024:1 bets/54.0%; 2025:3 bets/35.7%; 2026:3 bets/41.3%,A Madley:8 bets/-36.8%; A Taylor:8 bets/-17.2%; C Kavanagh:3 bets/33.0%; C Pawson:3 bets/31.3%; D Coote:2 bets/-37.0%; D England:2 bets/37.0%; G Scott:2 bets/-37.5%; J Brooks:2 bets/38.0%; J Gillett:1 bets/32.0%; J Moss:2 bets/26.0%; K Friend:1 bets/26.0%; M Atkinson:6 bets/4.3%; M Oliver:6 bets/8.5%; M Salisbury:3 bets/40.0%; P Bankes:3 bets/-9.7%; P Tierney:3 bets/41.7%; R Jones:5 bets/26.0%; S Attwell:2 bets/30.0%; S Hooper:2 bets/27.5%,E0:64 bets/6.4%
2.5,3.5,0.05,0.3,40,YES,0.825,0.06350000000000003,0.14761051946293033,0.06350000000000003,-0.05999999999999997,-0.5766666666666667,0.06350000000000003,0.6666666666666666,0.8125,1.0,0.1722670981051494,-0.10876709810514937,2022:25 bets/10.6%; 2023:13 bets/-6.0%; 2025:2 bets/33.5%,A Madley:3 bets/-57.7%; A Taylor:7 bets/-27.9%; C Kavanagh:1 bets/40.0%; C Pawson:4 bets/30.3%; D England:1 bets/34.0%; G Scott:2 bets/-37.5%; J Brooks:1 bets/41.0%; J Moss:2 bets/26.0%; K Friend:1 bets/26.0%; M Atkinson:5 bets/0.2%; M Oliver:5 bets/29.0%; M Salisbury:1 bets/26.0%; P Bankes:1 bets/35.0%; P Tierney:2 bets/35.5%; R Jones:3 bets/25.7%; S Hooper:1 bets/28.0%,E0:40 bets/6.4%
2.5,3.5,0.05,0.35,40,YES,0.825,0.06350000000000003,0.14761051946293033,0.06350000000000003,-0.05999999999999997,-0.5766666666666667,0.06350000000000003,0.6666666666666666,0.8125,1.0,0.1722670981051494,-0.10876709810514937,2022:25 bets/10.6%; 2023:13 bets/-6.0%; 2025:2 bets/33.5%,A Madley:3 bets/-57.7%; A Taylor:7 bets/-27.9%; C Kavanagh:1 bets/40.0%; C Pawson:4 bets/30.3%; D England:1 bets/34.0%; G Scott:2 bets/-37.5%; J Brooks:1 bets/41.0%; J Moss:2 bets/26.0%; K Friend:1 bets/26.0%; M Atkinson:5 bets/0.2%; M Oliver:5 bets/29.0%; M Salisbury:1 bets/26.0%; P Bankes:1 bets/35.0%; P Tierney:2 bets/35.5%; R Jones:3 bets/25.7%; S Hooper:1 bets/28.0%,E0:40 bets/6.4%
2.5,3.5,0.05,0.4,40,YES,0.825,0.06350000000000003,0.14761051946293033,0.06350000000000003,-0.05999999999999997,-0.5766666666666667,0.06350000000000003,0.6666666666666666,0.8125,1.0,0.1722670981051494,-0.10876709810514937,2022:25 bets/10.6%; 2023:13 bets/-6.0%; 2025:2 bets/33.5%,A Madley:3 bets/-57.7%; A Taylor:7 bets/-27.9%; C Kavanagh:1 bets/40.0%; C Pawson:4 bets/30.3%; D England:1 bets/34.0%; G Scott:2 bets/-37.5%; J Brooks:1 bets/41.0%; J Moss:2 bets/26.0%; K Friend:1 bets/26.0%; M Atkinson:5 bets/0.2%; M Oliver:5 bets/29.0%; M Salisbury:1 bets/26.0%; P Bankes:1 bets/35.0%; P Tierney:2 bets/35.5%; R Jones:3 bets/25.7%; S Hooper:1 bets/28.0%,E0:40 bets/6.4%
2.6,3.0,0.08,0.3,34,NO,0.8235294117647058,0.062352941176470604,0.15663229580201307,0.062352941176470604,-0.029999999999999947,-0.375,0.062352941176470604,0.75,0.7647058823529411,1.0,0.04178853143630036,0.020564409740170243,2022:21 bets/7.8%; 2023:11 bets/-3.0%; 2025:1 bets/41.0%; 2026:1 bets/40.0%,A Madley:4 bets/-36.5%; A Taylor:4 bets/-5.5%; C Kavanagh:1 bets/24.0%; C Pawson:2 bets/34.5%; D Coote:2 bets/-37.0%; D England:2 bets/37.0%; G Scott:2 bets/-37.5%; J Brooks:1 bets/41.0%; J Gillett:1 bets/32.0%; J Moss:2 bets/26.0%; K Friend:1 bets/26.0%; M Atkinson:2 bets/26.5%; M Oliver:5 bets/2.2%; P Bankes:1 bets/35.0%; R Jones:2 bets/25.0%; S Attwell:1 bets/34.0%; S Hooper:1 bets/28.0%,E0:34 bets/6.2%
2.6,3.0,0.08,0.35,34,NO,0.8235294117647058,0.062352941176470604,0.15663229580201307,0.062352941176470604,-0.029999999999999947,-0.375,0.062352941176470604,0.75,0.7647058823529411,1.0,0.04178853143630036,0.020564409740170243,2022:21 bets/7.8%; 2023:11 bets/-3.0%; 2025:1 bets/41.0%; 2026:1 bets/40.0%,A Madley:4 bets/-36.5%; A Taylor:4 bets/-5.5%; C Kavanagh:1 bets/24.0%; C Pawson:2 bets/34.5%; D Coote:2 bets/-37.0%; D England:2 bets/37.0%; G Scott:2 bets/-37.5%; J Brooks:1 bets/41.0%; J Gillett:1 bets/32.0%; J Moss:2 bets/26.0%; K Friend:1 bets/26.0%; M Atkinson:2 bets/26.5%; M Oliver:5 bets/2.2%; P Bankes:1 bets/35.0%; R Jones:2 bets/25.0%; S Attwell:1 bets/34.0%; S Hooper:1 bets/28.0%,E0:34 bets/6.2%
2.6,3.0,0.08,0.4,34,NO,0.8235294117647058,0.062352941176470604,0.15663229580201307,0.062352941176470604,-0.029999999999999947,-0.375,0.062352941176470604,0.75,0.7647058823529411,1.0,0.04178853143630036,0.020564409740170243,2022:21 bets/7.8%; 2023:11 bets/-3.0%; 2025:1 bets/41.0%; 2026:1 bets/40.0%,A Madley:4 bets/-36.5%; A Taylor:4 bets/-5.5%; C Kavanagh:1 bets/24.0%; C Pawson:2 bets/34.5%; D Coote:2 bets/-37.0%; D England:2 bets/37.0%; G Scott:2 bets/-37.5%; J Brooks:1 bets/41.0%; J Gillett:1 bets/32.0%; J Moss:2 bets/26.0%; K Friend:1 bets/26.0%; M Atkinson:2 bets/26.5%; M Oliver:5 bets/2.2%; P Bankes:1 bets/35.0%; R Jones:2 bets/25.0%; S Attwell:1 bets/34.0%; S Hooper:1 bets/28.0%,E0:34 bets/6.2%
2.6,3.0,0.1,0.3,34,NO,0.8235294117647058,0.062352941176470604,0.15663229580201307,0.062352941176470604,-0.029999999999999947,-0.375,0.062352941176470604,0.75,0.7647058823529411,1.0,0.04178853143630036,0.020564409740170243,2022:21 bets/7.8%; 2023:11 bets/-3.0%; 2025:1 bets/41.0%; 2026:1 bets/40.0%,A Madley:4 bets/-36.5%; A Taylor:4 bets/-5.5%; C Kavanagh:1 bets/24.0%; C Pawson:2 bets/34.5%; D Coote:2 bets/-37.0%; D England:2 bets/37.0%; G Scott:2 bets/-37.5%; J Brooks:1 bets/41.0%; J Gillett:1 bets/32.0%; J Moss:2 bets/26.0%; K Friend:1 bets/26.0%; M Atkinson:2 bets/26.5%; M Oliver:5 bets/2.2%; P Bankes:1 bets/35.0%; R Jones:2 bets/25.0%; S Attwell:1 bets/34.0%; S Hooper:1 bets/28.0%,E0:34 bets/6.2%
2.6,3.0,0.1,0.35,34,NO,0.8235294117647058,0.062352941176470604,0.15663229580201307,0.062352941176470604,-0.029999999999999947,-0.375,0.062352941176470604,0.75,0.7647058823529411,1.0,0.04178853143630036,0.020564409740170243,2022:21 bets/7.8%; 2023:11 bets/-3.0%; 2025:1 bets/41.0%; 2026:1 bets/40.0%,A Madley:4 bets/-36.5%; A Taylor:4 bets/-5.5%; C Kavanagh:1 bets/24.0%; C Pawson:2 bets/34.5%; D Coote:2 bets/-37.0%; D England:2 bets/37.0%; G Scott:2 bets/-37.5%; J Brooks:1 bets/41.0%; J Gillett:1 bets/32.0%; J Moss:2 bets/26.0%; K Friend:1 bets/26.0%; M Atkinson:2 bets/26.5%; M Oliver:5 bets/2.2%; P Bankes:1 bets/35.0%; R Jones:2 bets/25.0%; S Attwell:1 bets/34.0%; S Hooper:1 bets/28.0%,E0:34 bets/6.2%
2.6,3.0,0.1,0.4,34,NO,0.8235294117647058,0.062352941176470604,0.15663229580201307,0.062352941176470604,-0.029999999999999947,-0.375,0.062352941176470604,0.75,0.7647058823529411,1.0,0.04178853143630036,0.020564409740170243,2022:21 bets/7.8%; 2023:11 bets/-3.0%; 2025:1 bets/41.0%; 2026:1 bets/40.0%,A Madley:4 bets/-36.5%; A Taylor:4 bets/-5.5%; C Kavanagh:1 bets/24.0%; C Pawson:2 bets/34.5%; D Coote:2 bets/-37.0%; D England:2 bets/37.0%; G Scott:2 bets/-37.5%; J Brooks:1 bets/41.0%; J Gillett:1 bets/32.0%; J Moss:2 bets/26.0%; K Friend:1 bets/26.0%; M Atkinson:2 bets/26.5%; M Oliver:5 bets/2.2%; P Bankes:1 bets/35.0%; R Jones:2 bets/25.0%; S Attwell:1 bets/34.0%; S Hooper:1 bets/28.0%,E0:34 bets/6.2%
2.5,3.5,0.08,0.3,37,NO,0.8108108108108109,0.04486486486486487,0.15476082084645015,0.04486486486486487,-0.09333333333333331,-0.5766666666666667,0.04486486486486487,0.6666666666666666,0.8125,1.0,0.16428889595308904,-0.11942403108822416,2022:23 bets/9.2%; 2023:12 bets/-9.3%; 2025:2 bets/33.5%,A Madley:3 bets/-57.7%; A Taylor:6 bets/-37.0%; C Kavanagh:1 bets/40.0%; C Pawson:3 bets/31.3%; D England:1 bets/34.0%; G Scott:2 bets/-37.5%; J Brooks:1 bets/41.0%; J Moss:2 bets/26.0%; K Friend:1 bets/26.0%; M Atkinson:5 bets/0.2%; M Oliver:4 bets/27.8%; M Salisbury:1 bets/26.0%; P Bankes:1 bets/35.0%; P Tierney:2 bets/35.5%; R Jones:3 bets/25.7%; S Hooper:1 bets/28.0%,E0:37 bets/4.5%
2.5,3.5,0.08,0.35,37,NO,0.8108108108108109,0.04486486486486487,0.15476082084645015,0.04486486486486487,-0.09333333333333331,-0.5766666666666667,0.04486486486486487,0.6666666666666666,0.8125,1.0,0.16428889595308904,-0.11942403108822416,2022:23 bets/9.2%; 2023:12 bets/-9.3%; 2025:2 bets/33.5%,A Madley:3 bets/-57.7%; A Taylor:6 bets/-37.0%; C Kavanagh:1 bets/40.0%; C Pawson:3 bets/31.3%; D England:1 bets/34.0%; G Scott:2 bets/-37.5%; J Brooks:1 bets/41.0%; J Moss:2 bets/26.0%; K Friend:1 bets/26.0%; M Atkinson:5 bets/0.2%; M Oliver:4 bets/27.8%; M Salisbury:1 bets/26.0%; P Bankes:1 bets/35.0%; P Tierney:2 bets/35.5%; R Jones:3 bets/25.7%; S Hooper:1 bets/28.0%,E0:37 bets/4.5%
2.5,3.5,0.08,0.4,37,NO,0.8108108108108109,0.04486486486486487,0.15476082084645015,0.04486486486486487,-0.09333333333333331,-0.5766666666666667,0.04486486486486487,0.6666666666666666,0.8125,1.0,0.16428889595308904,-0.11942403108822416,2022:23 bets/9.2%; 2023:12 bets/-9.3%; 2025:2 bets/33.5%,A Madley:3 bets/-57.7%; A Taylor:6 bets/-37.0%; C Kavanagh:1 bets/40.0%; C Pawson:3 bets/31.3%; D England:1 bets/34.0%; G Scott:2 bets/-37.5%; J Brooks:1 bets/41.0%; J Moss:2 bets/26.0%; K Friend:1 bets/26.0%; M Atkinson:5 bets/0.2%; M Oliver:4 bets/27.8%; M Salisbury:1 bets/26.0%; P Bankes:1 bets/35.0%; P Tierney:2 bets/35.5%; R Jones:3 bets/25.7%; S Hooper:1 bets/28.0%,E0:37 bets/4.5%
2.5,3.5,0.1,0.3,36,NO,0.8055555555555556,0.038888888888888896,0.1563443184207467,0.038888888888888896,-0.09333333333333331,-0.5766666666666667,0.038888888888888896,0.6666666666666666,0.8,1.0,0.16350554969187298,-0.12461666080298409,2022:23 bets/9.2%; 2023:12 bets/-9.3%; 2025:1 bets/41.0%,A Madley:3 bets/-57.7%; A Taylor:6 bets/-37.0%; C Kavanagh:1 bets/40.0%; C Pawson:3 bets/31.3%; D England:1 bets/34.0%; G Scott:2 bets/-37.5%; J Brooks:1 bets/41.0%; J Moss:2 bets/26.0%; K Friend:1 bets/26.0%; M Atkinson:5 bets/0.2%; M Oliver:4 bets/27.8%; P Bankes:1 bets/35.0%; P Tierney:2 bets/35.5%; R Jones:3 bets/25.7%; S Hooper:1 bets/28.0%,E0:36 bets/3.9%
2.5,3.5,0.1,0.35,36,NO,0.8055555555555556,0.038888888888888896,0.1563443184207467,0.038888888888888896,-0.09333333333333331,-0.5766666666666667,0.038888888888888896,0.6666666666666666,0.8,1.0,0.16350554969187298,-0.12461666080298409,2022:23 bets/9.2%; 2023:12 bets/-9.3%; 2025:1 bets/41.0%,A Madley:3 bets/-57.7%; A Taylor:6 bets/-37.0%; C Kavanagh:1 bets/40.0%; C Pawson:3 bets/31.3%; D England:1 bets/34.0%; G Scott:2 bets/-37.5%; J Brooks:1 bets/41.0%; J Moss:2 bets/26.0%; K Friend:1 bets/26.0%; M Atkinson:5 bets/0.2%; M Oliver:4 bets/27.8%; P Bankes:1 bets/35.0%; P Tierney:2 bets/35.5%; R Jones:3 bets/25.7%; S Hooper:1 bets/28.0%,E0:36 bets/3.9%
2.5,3.5,0.1,0.4,36,NO,0.8055555555555556,0.038888888888888896,0.1563443184207467,0.038888888888888896,-0.09333333333333331,-0.5766666666666667,0.038888888888888896,0.6666666666666666,0.8,1.0,0.16350554969187298,-0.12461666080298409,2022:23 bets/9.2%; 2023:12 bets/-9.3%; 2025:1 bets/41.0%,A Madley:3 bets/-57.7%; A Taylor:6 bets/-37.0%; C Kavanagh:1 bets/40.0%; C Pawson:3 bets/31.3%; D England:1 bets/34.0%; G Scott:2 bets/-37.5%; J Brooks:1 bets/41.0%; J Moss:2 bets/26.0%; K Friend:1 bets/26.0%; M Atkinson:5 bets/0.2%; M Oliver:4 bets/27.8%; P Bankes:1 bets/35.0%; P Tierney:2 bets/35.5%; R Jones:3 bets/25.7%; S Hooper:1 bets/28.0%,E0:36 bets/3.9%
2.6,3.5,0.1,0.3,46,YES,0.8043478260869565,0.038043478260869575,0.15601274698167586,0.038043478260869575,-0.07499999999999997,-0.375,0.038043478260869575,0.75,0.7777777777777778,1.0,0.15363743624035323,-0.11559395797948366,2022:28 bets/7.6%; 2023:16 bets/-7.5%; 2025:1 bets/41.0%; 2026:1 bets/40.0%,A Madley:5 bets/-24.0%; A Taylor:6 bets/-37.0%; C Kavanagh:2 bets/32.0%; C Pawson:3 bets/31.3%; D Coote:2 bets/-37.0%; D England:2 bets/37.0%; G Scott:2 bets/-37.5%; J Brooks:1 bets/41.0%; J Gillett:1 bets/32.0%; J Moss:2 bets/26.0%; K Friend:1 bets/26.0%; M Atkinson:5 bets/0.2%; M Oliver:5 bets/2.2%; P Bankes:1 bets/35.0%; P Tierney:2 bets/35.5%; R Jones:4 bets/25.8%; S Attwell:1 bets/34.0%; S Hooper:1 bets/28.0%,E0:46 bets/3.8%
2.6,3.5,0.1,0.35,46,YES,0.8043478260869565,0.038043478260869575,0.15601274698167586,0.038043478260869575,-0.07499999999999997,-0.375,0.038043478260869575,0.75,0.7777777777777778,1.0,0.15363743624035323,-0.11559395797948366,2022:28 bets/7.6%; 2023:16 bets/-7.5%; 2025:1 bets/41.0%; 2026:1 bets/40.0%,A Madley:5 bets/-24.0%; A Taylor:6 bets/-37.0%; C Kavanagh:2 bets/32.0%; C Pawson:3 bets/31.3%; D Coote:2 bets/-37.0%; D England:2 bets/37.0%; G Scott:2 bets/-37.5%; J Brooks:1 bets/41.0%; J Gillett:1 bets/32.0%; J Moss:2 bets/26.0%; K Friend:1 bets/26.0%; M Atkinson:5 bets/0.2%; M Oliver:5 bets/2.2%; P Bankes:1 bets/35.0%; P Tierney:2 bets/35.5%; R Jones:4 bets/25.8%; S Attwell:1 bets/34.0%; S Hooper:1 bets/28.0%,E0:46 bets/3.8%
2.6,3.5,0.1,0.4,46,YES,0.8043478260869565,0.038043478260869575,0.15601274698167586,0.038043478260869575,-0.07499999999999997,-0.375,0.038043478260869575,0.75,0.7777777777777778,1.0,0.15363743624035323,-0.11559395797948366,2022:28 bets/7.6%; 2023:16 bets/-7.5%; 2025:1 bets/41.0%; 2026:1 bets/40.0%,A Madley:5 bets/-24.0%; A Taylor:6 bets/-37.0%; C Kavanagh:2 bets/32.0%; C Pawson:3 bets/31.3%; D Coote:2 bets/-37.0%; D England:2 bets/37.0%; G Scott:2 bets/-37.5%; J Brooks:1 bets/41.0%; J Gillett:1 bets/32.0%; J Moss:2 bets/26.0%; K Friend:1 bets/26.0%; M Atkinson:5 bets/0.2%; M Oliver:5 bets/2.2%; P Bankes:1 bets/35.0%; P Tierney:2 bets/35.5%; R Jones:4 bets/25.8%; S Attwell:1 bets/34.0%; S Hooper:1 bets/28.0%,E0:46 bets/3.8%
2.6,3.5,0.05,0.3,51,YES,0.803921568627451,0.03705882352941177,0.14804282806653296,0.03705882352941177,-0.050588235294117614,-0.375,0.03705882352941177,0.75,0.7894736842105263,1.0,0.16247325566321044,-0.12541443213379866,2022:31 bets/5.4%; 2023:17 bets/-5.1%; 2025:2 bets/33.5%; 2026:1 bets/40.0%,A Madley:6 bets/-36.7%; A Taylor:7 bets/-27.9%; C Kavanagh:2 bets/32.0%; C Pawson:4 bets/30.3%; D Coote:2 bets/-37.0%; D England:2 bets/37.0%; G Scott:2 bets/-37.5%; J Brooks:1 bets/41.0%; J Gillett:1 bets/32.0%; J Moss:2 bets/26.0%; K Friend:1 bets/26.0%; M Atkinson:5 bets/0.2%; M Oliver:6 bets/7.5%; M Salisbury:1 bets/26.0%; P Bankes:1 bets/35.0%; P Tierney:2 bets/35.5%; R Jones:4 bets/25.8%; S Attwell:1 bets/34.0%; S Hooper:1 bets/28.0%,E0:51 bets/3.7%
2.6,3.5,0.05,0.35,51,YES,0.803921568627451,0.03705882352941177,0.14804282806653296,0.03705882352941177,-0.050588235294117614,-0.375,0.03705882352941177,0.75,0.7894736842105263,1.0,0.16247325566321044,-0.12541443213379866,2022:31 bets/5.4%; 2023:17 bets/-5.1%; 2025:2 bets/33.5%; 2026:1 bets/40.0%,A Madley:6 bets/-36.7%; A Taylor:7 bets/-27.9%; C Kavanagh:2 bets/32.0%; C Pawson:4 bets/30.3%; D Coote:2 bets/-37.0%; D England:2 bets/37.0%; G Scott:2 bets/-37.5%; J Brooks:1 bets/41.0%; J Gillett:1 bets/32.0%; J Moss:2 bets/26.0%; K Friend:1 bets/26.0%; M Atkinson:5 bets/0.2%; M Oliver:6 bets/7.5%; M Salisbury:1 bets/26.0%; P Bankes:1 bets/35.0%; P Tierney:2 bets/35.5%; R Jones:4 bets/25.8%; S Attwell:1 bets/34.0%; S Hooper:1 bets/28.0%,E0:51 bets/3.7%
2.6,3.5,0.05,0.4,51,YES,0.803921568627451,0.03705882352941177,0.14804282806653296,0.03705882352941177,-0.050588235294117614,-0.375,0.03705882352941177,0.75,0.7894736842105263,1.0,0.16247325566321044,-0.12541443213379866,2022:31 bets/5.4%; 2023:17 bets/-5.1%; 2025:2 bets/33.5%; 2026:1 bets/40.0%,A Madley:6 bets/-36.7%; A Taylor:7 bets/-27.9%; C Kavanagh:2 bets/32.0%; C Pawson:4 bets/30.3%; D Coote:2 bets/-37.0%; D England:2 bets/37.0%; G Scott:2 bets/-37.5%; J Brooks:1 bets/41.0%; J Gillett:1 bets/32.0%; J Moss:2 bets/26.0%; K Friend:1 bets/26.0%; M Atkinson:5 bets/0.2%; M Oliver:6 bets/7.5%; M Salisbury:1 bets/26.0%; P Bankes:1 bets/35.0%; P Tierney:2 bets/35.5%; R Jones:4 bets/25.8%; S Attwell:1 bets/34.0%; S Hooper:1 bets/28.0%,E0:51 bets/3.7%
2.6,3.5,0.08,0.3,48,YES,0.7916666666666666,0.02104166666666668,0.15358153800405466,0.02104166666666668,-0.07499999999999997,-0.375,0.02104166666666668,0.75,0.7894736842105263,1.0,0.17066089351003716,-0.14961922684337048,2022:29 bets/3.9%; 2023:16 bets/-7.5%; 2025:2 bets/33.5%; 2026:1 bets/40.0%,A Madley:6 bets/-36.7%; A Taylor:6 bets/-37.0%; C Kavanagh:2 bets/32.0%; C Pawson:3 bets/31.3%; D Coote:2 bets/-37.0%; D England:2 bets/37.0%; G Scott:2 bets/-37.5%; J Brooks:1 bets/41.0%; J Gillett:1 bets/32.0%; J Moss:2 bets/26.0%; K Friend:1 bets/26.0%; M Atkinson:5 bets/0.2%; M Oliver:5 bets/2.2%; M Salisbury:1 bets/26.0%; P Bankes:1 bets/35.0%; P Tierney:2 bets/35.5%; R Jones:4 bets/25.8%; S Attwell:1 bets/34.0%; S Hooper:1 bets/28.0%,E0:48 bets/2.1%
2.6,3.5,0.08,0.35,48,YES,0.7916666666666666,0.02104166666666668,0.15358153800405466,0.02104166666666668,-0.07499999999999997,-0.375,0.02104166666666668,0.75,0.7894736842105263,1.0,0.17066089351003716,-0.14961922684337048,2022:29 bets/3.9%; 2023:16 bets/-7.5%; 2025:2 bets/33.5%; 2026:1 bets/40.0%,A Madley:6 bets/-36.7%; A Taylor:6 bets/-37.0%; C Kavanagh:2 bets/32.0%; C Pawson:3 bets/31.3%; D Coote:2 bets/-37.0%; D England:2 bets/37.0%; G Scott:2 bets/-37.5%; J Brooks:1 bets/41.0%; J Gillett:1 bets/32.0%; J Moss:2 bets/26.0%; K Friend:1 bets/26.0%; M Atkinson:5 bets/0.2%; M Oliver:5 bets/2.2%; M Salisbury:1 bets/26.0%; P Bankes:1 bets/35.0%; P Tierney:2 bets/35.5%; R Jones:4 bets/25.8%; S Attwell:1 bets/34.0%; S Hooper:1 bets/28.0%,E0:48 bets/2.1%
2.6,3.5,0.08,0.4,48,YES,0.7916666666666666,0.02104166666666668,0.15358153800405466,0.02104166666666668,-0.07499999999999997,-0.375,0.02104166666666668,0.75,0.7894736842105263,1.0,0.17066089351003716,-0.14961922684337048,2022:29 bets/3.9%; 2023:16 bets/-7.5%; 2025:2 bets/33.5%; 2026:1 bets/40.0%,A Madley:6 bets/-36.7%; A Taylor:6 bets/-37.0%; C Kavanagh:2 bets/32.0%; C Pawson:3 bets/31.3%; D Coote:2 bets/-37.0%; D England:2 bets/37.0%; G Scott:2 bets/-37.5%; J Brooks:1 bets/41.0%; J Gillett:1 bets/32.0%; J Moss:2 bets/26.0%; K Friend:1 bets/26.0%; M Atkinson:5 bets/0.2%; M Oliver:5 bets/2.2%; M Salisbury:1 bets/26.0%; P Bankes:1 bets/35.0%; P Tierney:2 bets/35.5%; R Jones:4 bets/25.8%; S Attwell:1 bets/34.0%; S Hooper:1 bets/28.0%,E0:48 bets/2.1%
2.7,2.5,0.05,0.3,18,NO,0.7222222222222222,-0.06555555555555555,0.1414469532644498,-0.06555555555555555,-0.5533333333333333,-1.0,-0.06555555555555555,0.3333333333333333,0.6363636363636364,0.0,0.020085470085470087,-0.08564102564102563,2022:13 bets/-2.5%; 2023:3 bets/-55.3%; 2025:2 bets/40.5%,A Madley:4 bets/-36.5%; A Taylor:2 bets/-36.5%; D Coote:1 bets/-100.0%; G Scott:2 bets/-37.5%; J Brooks:1 bets/41.0%; J Moss:1 bets/28.0%; K Friend:1 bets/26.0%; M Atkinson:1 bets/27.0%; M Oliver:3 bets/34.0%; R Jones:1 bets/26.0%; S Attwell:1 bets/26.0%,E0:18 bets/-6.6%
2.7,2.5,0.05,0.35,18,NO,0.7222222222222222,-0.06555555555555555,0.1414469532644498,-0.06555555555555555,-0.5533333333333333,-1.0,-0.06555555555555555,0.3333333333333333,0.6363636363636364,0.0,0.020085470085470087,-0.08564102564102563,2022:13 bets/-2.5%; 2023:3 bets/-55.3%; 2025:2 bets/40.5%,A Madley:4 bets/-36.5%; A Taylor:2 bets/-36.5%; D Coote:1 bets/-100.0%; G Scott:2 bets/-37.5%; J Brooks:1 bets/41.0%; J Moss:1 bets/28.0%; K Friend:1 bets/26.0%; M Atkinson:1 bets/27.0%; M Oliver:3 bets/34.0%; R Jones:1 bets/26.0%; S Attwell:1 bets/26.0%,E0:18 bets/-6.6%
2.7,2.5,0.05,0.4,18,NO,0.7222222222222222,-0.06555555555555555,0.1414469532644498,-0.06555555555555555,-0.5533333333333333,-1.0,-0.06555555555555555,0.3333333333333333,0.6363636363636364,0.0,0.020085470085470087,-0.08564102564102563,2022:13 bets/-2.5%; 2023:3 bets/-55.3%; 2025:2 bets/40.5%,A Madley:4 bets/-36.5%; A Taylor:2 bets/-36.5%; D Coote:1 bets/-100.0%; G Scott:2 bets/-37.5%; J Brooks:1 bets/41.0%; J Moss:1 bets/28.0%; K Friend:1 bets/26.0%; M Atkinson:1 bets/27.0%; M Oliver:3 bets/34.0%; R Jones:1 bets/26.0%; S Attwell:1 bets/26.0%,E0:18 bets/-6.6%
2.5,2.5,0.05,0.3,14,NO,0.7142857142857143,-0.07928571428571428,0.1455597805353755,-0.07928571428571428,-0.5533333333333333,-0.5766666666666667,-0.07928571428571428,0.6666666666666666,0.6666666666666666,0.0,0.046642857142857146,-0.12592857142857142,2022:10 bets/1.4%; 2023:3 bets/-55.3%; 2025:1 bets/41.0%,A Madley:3 bets/-57.7%; A Taylor:2 bets/-36.5%; G Scott:2 bets/-37.5%; J Brooks:1 bets/41.0%; J Moss:1 bets/28.0%; K Friend:1 bets/26.0%; M Atkinson:1 bets/27.0%; M Oliver:2 bets/31.0%; R Jones:1 bets/26.0%,E0:14 bets/-7.9%
2.5,2.5,0.05,0.35,14,NO,0.7142857142857143,-0.07928571428571428,0.1455597805353755,-0.07928571428571428,-0.5533333333333333,-0.5766666666666667,-0.07928571428571428,0.6666666666666666,0.6666666666666666,0.0,0.046642857142857146,-0.12592857142857142,2022:10 bets/1.4%; 2023:3 bets/-55.3%; 2025:1 bets/41.0%,A Madley:3 bets/-57.7%; A Taylor:2 bets/-36.5%; G Scott:2 bets/-37.5%; J Brooks:1 bets/41.0%; J Moss:1 bets/28.0%; K Friend:1 bets/26.0%; M Atkinson:1 bets/27.0%; M Oliver:2 bets/31.0%; R Jones:1 bets/26.0%,E0:14 bets/-7.9%
2.5,2.5,0.05,0.4,14,NO,0.7142857142857143,-0.07928571428571428,0.1455597805353755,-0.07928571428571428,-0.5533333333333333,-0.5766666666666667,-0.07928571428571428,0.6666666666666666,0.6666666666666666,0.0,0.046642857142857146,-0.12592857142857142,2022:10 bets/1.4%; 2023:3 bets/-55.3%; 2025:1 bets/41.0%,A Madley:3 bets/-57.7%; A Taylor:2 bets/-36.5%; G Scott:2 bets/-37.5%; J Brooks:1 bets/41.0%; J Moss:1 bets/28.0%; K Friend:1 bets/26.0%; M Atkinson:1 bets/27.0%; M Oliver:2 bets/31.0%; R Jones:1 bets/26.0%,E0:14 bets/-7.9%
2.5,2.5,0.12,0.3,10,NO,0.7,-0.1,0.1679510745754916,-0.1,-1.0,-1.0,-0.1,0.6666666666666666,0.75,0.0,0.09214285714285715,-0.19214285714285717,2022:7 bets/8.4%; 2023:2 bets/-100.0%; 2025:1 bets/41.0%,A Madley:3 bets/-57.7%; A Taylor:1 bets/-100.0%; G Scott:1 bets/25.0%; J Brooks:1 bets/41.0%; J Moss:1 bets/28.0%; K Friend:1 bets/26.0%; M Atkinson:1 bets/27.0%; R Jones:1 bets/26.0%,E0:10 bets/-10.0%
2.5,2.5,0.12,0.35,10,NO,0.7,-0.1,0.1679510745754916,-0.1,-1.0,-1.0,-0.1,0.6666666666666666,0.75,0.0,0.09214285714285715,-0.19214285714285717,2022:7 bets/8.4%; 2023:2 bets/-100.0%; 2025:1 bets/41.0%,A Madley:3 bets/-57.7%; A Taylor:1 bets/-100.0%; G Scott:1 bets/25.0%; J Brooks:1 bets/41.0%; J Moss:1 bets/28.0%; K Friend:1 bets/26.0%; M Atkinson:1 bets/27.0%; R Jones:1 bets/26.0%,E0:10 bets/-10.0%
2.5,2.5,0.12,0.4,10,NO,0.7,-0.1,0.1679510745754916,-0.1,-1.0,-1.0,-0.1,0.6666666666666666,0.75,0.0,0.09214285714285715,-0.19214285714285717,2022:7 bets/8.4%; 2023:2 bets/-100.0%; 2025:1 bets/41.0%,A Madley:3 bets/-57.7%; A Taylor:1 bets/-100.0%; G Scott:1 bets/25.0%; J Brooks:1 bets/41.0%; J Moss:1 bets/28.0%; K Friend:1 bets/26.0%; M Atkinson:1 bets/27.0%; R Jones:1 bets/26.0%,E0:10 bets/-10.0%
2.7,2.5,0.08,0.3,16,NO,0.6875,-0.11187500000000002,0.15146147055101788,-0.11187500000000002,-1.0,-1.0,-0.11187500000000002,0.3333333333333333,0.6363636363636364,0.0,0.030937500000000014,-0.14281250000000004,2022:12 bets/-5.0%; 2023:2 bets/-100.0%; 2025:2 bets/40.5%,A Madley:4 bets/-36.5%; A Taylor:1 bets/-100.0%; D Coote:1 bets/-100.0%; G Scott:2 bets/-37.5%; J Brooks:1 bets/41.0%; J Moss:1 bets/28.0%; K Friend:1 bets/26.0%; M Atkinson:1 bets/27.0%; M Oliver:2 bets/34.0%; R Jones:1 bets/26.0%; S Attwell:1 bets/26.0%,E0:16 bets/-11.2%
2.7,2.5,0.08,0.35,16,NO,0.6875,-0.11187500000000002,0.15146147055101788,-0.11187500000000002,-1.0,-1.0,-0.11187500000000002,0.3333333333333333,0.6363636363636364,0.0,0.030937500000000014,-0.14281250000000004,2022:12 bets/-5.0%; 2023:2 bets/-100.0%; 2025:2 bets/40.5%,A Madley:4 bets/-36.5%; A Taylor:1 bets/-100.0%; D Coote:1 bets/-100.0%; G Scott:2 bets/-37.5%; J Brooks:1 bets/41.0%; J Moss:1 bets/28.0%; K Friend:1 bets/26.0%; M Atkinson:1 bets/27.0%; M Oliver:2 bets/34.0%; R Jones:1 bets/26.0%; S Attwell:1 bets/26.0%,E0:16 bets/-11.2%
2.7,2.5,0.08,0.4,16,NO,0.6875,-0.11187500000000002,0.15146147055101788,-0.11187500000000002,-1.0,-1.0,-0.11187500000000002,0.3333333333333333,0.6363636363636364,0.0,0.030937500000000014,-0.14281250000000004,2022:12 bets/-5.0%; 2023:2 bets/-100.0%; 2025:2 bets/40.5%,A Madley:4 bets/-36.5%; A Taylor:1 bets/-100.0%; D Coote:1 bets/-100.0%; G Scott:2 bets/-37.5%; J Brooks:1 bets/41.0%; J Moss:1 bets/28.0%; K Friend:1 bets/26.0%; M Atkinson:1 bets/27.0%; M Oliver:2 bets/34.0%; R Jones:1 bets/26.0%; S Attwell:1 bets/26.0%,E0:16 bets/-11.2%
2.7,2.5,0.12,0.3,13,NO,0.6923076923076923,-0.11307692307692307,0.16198215477517744,-0.11307692307692307,-1.0,-1.0,-0.11307692307692307,0.6666666666666666,0.7,0.0,0.06253846153846154,-0.17561538461538462,2022:10 bets/1.2%; 2023:2 bets/-100.0%; 2025:1 bets/41.0%,A Madley:4 bets/-36.5%; A Taylor:1 bets/-100.0%; D Coote:1 bets/-100.0%; G Scott:1 bets/25.0%; J Brooks:1 bets/41.0%; J Moss:1 bets/28.0%; K Friend:1 bets/26.0%; M Atkinson:1 bets/27.0%; R Jones:1 bets/26.0%; S Attwell:1 bets/26.0%,E0:13 bets/-11.3%
2.7,2.5,0.12,0.35,13,NO,0.6923076923076923,-0.11307692307692307,0.16198215477517744,-0.11307692307692307,-1.0,-1.0,-0.11307692307692307,0.6666666666666666,0.7,0.0,0.06253846153846154,-0.17561538461538462,2022:10 bets/1.2%; 2023:2 bets/-100.0%; 2025:1 bets/41.0%,A Madley:4 bets/-36.5%; A Taylor:1 bets/-100.0%; D Coote:1 bets/-100.0%; G Scott:1 bets/25.0%; J Brooks:1 bets/41.0%; J Moss:1 bets/28.0%; K Friend:1 bets/26.0%; M Atkinson:1 bets/27.0%; R Jones:1 bets/26.0%; S Attwell:1 bets/26.0%,E0:13 bets/-11.3%
2.7,2.5,0.12,0.4,13,NO,0.6923076923076923,-0.11307692307692307,0.16198215477517744,-0.11307692307692307,-1.0,-1.0,-0.11307692307692307,0.6666666666666666,0.7,0.0,0.06253846153846154,-0.17561538461538462,2022:10 bets/1.2%; 2023:2 bets/-100.0%; 2025:1 bets/41.0%,A Madley:4 bets/-36.5%; A Taylor:1 bets/-100.0%; D Coote:1 bets/-100.0%; G Scott:1 bets/25.0%; J Brooks:1 bets/41.0%; J Moss:1 bets/28.0%; K Friend:1 bets/26.0%; M Atkinson:1 bets/27.0%; R Jones:1 bets/26.0%; S Attwell:1 bets/26.0%,E0:13 bets/-11.3%
2.8,2.5,0.05,0.3,19,NO,0.6842105263157895,-0.11473684210526314,0.1423216733543207,-0.11473684210526314,-0.665,-1.0,-0.11473684210526314,0.3333333333333333,0.5833333333333334,0.0,0.04467611336032388,-0.159412955465587,2022:13 bets/-2.5%; 2023:4 bets/-66.5%; 2025:2 bets/40.5%,A Madley:4 bets/-36.5%; A Taylor:2 bets/-36.5%; D Coote:1 bets/-100.0%; G Scott:2 bets/-37.5%; J Brooks:1 bets/41.0%; J Moss:1 bets/28.0%; K Friend:1 bets/26.0%; M Atkinson:1 bets/27.0%; M Oliver:3 bets/34.0%; P Bankes:1 bets/-100.0%; R Jones:1 bets/26.0%; S Attwell:1 bets/26.0%,E0:19 bets/-11.5%
2.8,2.5,0.05,0.35,19,NO,0.6842105263157895,-0.11473684210526314,0.1423216733543207,-0.11473684210526314,-0.665,-1.0,-0.11473684210526314,0.3333333333333333,0.5833333333333334,0.0,0.04467611336032388,-0.159412955465587,2022:13 bets/-2.5%; 2023:4 bets/-66.5%; 2025:2 bets/40.5%,A Madley:4 bets/-36.5%; A Taylor:2 bets/-36.5%; D Coote:1 bets/-100.0%; G Scott:2 bets/-37.5%; J Brooks:1 bets/41.0%; J Moss:1 bets/28.0%; K Friend:1 bets/26.0%; M Atkinson:1 bets/27.0%; M Oliver:3 bets/34.0%; P Bankes:1 bets/-100.0%; R Jones:1 bets/26.0%; S Attwell:1 bets/26.0%,E0:19 bets/-11.5%
2.8,2.5,0.05,0.4,19,NO,0.6842105263157895,-0.11473684210526314,0.1423216733543207,-0.11473684210526314,-0.665,-1.0,-0.11473684210526314,0.3333333333333333,0.5833333333333334,0.0,0.04467611336032388,-0.159412955465587,2022:13 bets/-2.5%; 2023:4 bets/-66.5%; 2025:2 bets/40.5%,A Madley:4 bets/-36.5%; A Taylor:2 bets/-36.5%; D Coote:1 bets/-100.0%; G Scott:2 bets/-37.5%; J Brooks:1 bets/41.0%; J Moss:1 bets/28.0%; K Friend:1 bets/26.0%; M Atkinson:1 bets/27.0%; M Oliver:3 bets/34.0%; P Bankes:1 bets/-100.0%; R Jones:1 bets/26.0%; S Attwell:1 bets/26.0%,E0:19 bets/-11.5%
2.6,2.5,0.05,0.3,16,NO,0.6875,-0.11499999999999999,0.1455876972050128,-0.11499999999999999,-0.5533333333333333,-1.0,-0.11499999999999999,0.3333333333333333,0.6,0.0,0.032916666666666664,-0.14791666666666664,2022:12 bets/-4.9%; 2023:3 bets/-55.3%; 2025:1 bets/41.0%,A Madley:4 bets/-36.5%; A Taylor:2 bets/-36.5%; D Coote:1 bets/-100.0%; G Scott:2 bets/-37.5%; J Brooks:1 bets/41.0%; J Moss:1 bets/28.0%; K Friend:1 bets/26.0%; M Atkinson:1 bets/27.0%; M Oliver:2 bets/31.0%; R Jones:1 bets/26.0%,E0:16 bets/-11.5%
2.6,2.5,0.05,0.35,16,NO,0.6875,-0.11499999999999999,0.1455876972050128,-0.11499999999999999,-0.5533333333333333,-1.0,-0.11499999999999999,0.3333333333333333,0.6,0.0,0.032916666666666664,-0.14791666666666664,2022:12 bets/-4.9%; 2023:3 bets/-55.3%; 2025:1 bets/41.0%,A Madley:4 bets/-36.5%; A Taylor:2 bets/-36.5%; D Coote:1 bets/-100.0%; G Scott:2 bets/-37.5%; J Brooks:1 bets/41.0%; J Moss:1 bets/28.0%; K Friend:1 bets/26.0%; M Atkinson:1 bets/27.0%; M Oliver:2 bets/31.0%; R Jones:1 bets/26.0%,E0:16 bets/-11.5%
2.6,2.5,0.05,0.4,16,NO,0.6875,-0.11499999999999999,0.1455876972050128,-0.11499999999999999,-0.5533333333333333,-1.0,-0.11499999999999999,0.3333333333333333,0.6,0.0,0.032916666666666664,-0.14791666666666664,2022:12 bets/-4.9%; 2023:3 bets/-55.3%; 2025:1 bets/41.0%,A Madley:4 bets/-36.5%; A Taylor:2 bets/-36.5%; D Coote:1 bets/-100.0%; G Scott:2 bets/-37.5%; J Brooks:1 bets/41.0%; J Moss:1 bets/28.0%; K Friend:1 bets/26.0%; M Atkinson:1 bets/27.0%; M Oliver:2 bets/31.0%; R Jones:1 bets/26.0%,E0:16 bets/-11.5%
2.5,2.5,0.08,0.3,12,NO,0.6666666666666666,-0.14333333333333334,0.15959794146262055,-0.14333333333333334,-1.0,-1.0,-0.14333333333333334,0.3333333333333333,0.6666666666666666,0.0,0.06444444444444444,-0.20777777777777778,2022:9 bets/-1.4%; 2023:2 bets/-100.0%; 2025:1 bets/41.0%,A Madley:3 bets/-57.7%; A Taylor:1 bets/-100.0%; G Scott:2 bets/-37.5%; J Brooks:1 bets/41.0%; J Moss:1 bets/28.0%; K Friend:1 bets/26.0%; M Atkinson:1 bets/27.0%; M Oliver:1 bets/28.0%; R Jones:1 bets/26.0%,E0:12 bets/-14.3%
2.5,2.5,0.08,0.35,12,NO,0.6666666666666666,-0.14333333333333334,0.15959794146262055,-0.14333333333333334,-1.0,-1.0,-0.14333333333333334,0.3333333333333333,0.6666666666666666,0.0,0.06444444444444444,-0.20777777777777778,2022:9 bets/-1.4%; 2023:2 bets/-100.0%; 2025:1 bets/41.0%,A Madley:3 bets/-57.7%; A Taylor:1 bets/-100.0%; G Scott:2 bets/-37.5%; J Brooks:1 bets/41.0%; J Moss:1 bets/28.0%; K Friend:1 bets/26.0%; M Atkinson:1 bets/27.0%; M Oliver:1 bets/28.0%; R Jones:1 bets/26.0%,E0:12 bets/-14.3%
2.5,2.5,0.08,0.4,12,NO,0.6666666666666666,-0.14333333333333334,0.15959794146262055,-0.14333333333333334,-1.0,-1.0,-0.14333333333333334,0.3333333333333333,0.6666666666666666,0.0,0.06444444444444444,-0.20777777777777778,2022:9 bets/-1.4%; 2023:2 bets/-100.0%; 2025:1 bets/41.0%,A Madley:3 bets/-57.7%; A Taylor:1 bets/-100.0%; G Scott:2 bets/-37.5%; J Brooks:1 bets/41.0%; J Moss:1 bets/28.0%; K Friend:1 bets/26.0%; M Atkinson:1 bets/27.0%; M Oliver:1 bets/28.0%; R Jones:1 bets/26.0%,E0:12 bets/-14.3%
2.5,2.5,0.1,0.3,12,NO,0.6666666666666666,-0.14333333333333334,0.15959794146262055,-0.14333333333333334,-1.0,-1.0,-0.14333333333333334,0.3333333333333333,0.6666666666666666,0.0,0.06444444444444444,-0.20777777777777778,2022:9 bets/-1.4%; 2023:2 bets/-100.0%; 2025:1 bets/41.0%,A Madley:3 bets/-57.7%; A Taylor:1 bets/-100.0%; G Scott:2 bets/-37.5%; J Brooks:1 bets/41.0%; J Moss:1 bets/28.0%; K Friend:1 bets/26.0%; M Atkinson:1 bets/27.0%; M Oliver:1 bets/28.0%; R Jones:1 bets/26.0%,E0:12 bets/-14.3%
2.5,2.5,0.1,0.35,12,NO,0.6666666666666666,-0.14333333333333334,0.15959794146262055,-0.14333333333333334,-1.0,-1.0,-0.14333333333333334,0.3333333333333333,0.6666666666666666,0.0,0.06444444444444444,-0.20777777777777778,2022:9 bets/-1.4%; 2023:2 bets/-100.0%; 2025:1 bets/41.0%,A Madley:3 bets/-57.7%; A Taylor:1 bets/-100.0%; G Scott:2 bets/-37.5%; J Brooks:1 bets/41.0%; J Moss:1 bets/28.0%; K Friend:1 bets/26.0%; M Atkinson:1 bets/27.0%; M Oliver:1 bets/28.0%; R Jones:1 bets/26.0%,E0:12 bets/-14.3%
2.5,2.5,0.1,0.4,12,NO,0.6666666666666666,-0.14333333333333334,0.15959794146262055,-0.14333333333333334,-1.0,-1.0,-0.14333333333333334,0.3333333333333333,0.6666666666666666,0.0,0.06444444444444444,-0.20777777777777778,2022:9 bets/-1.4%; 2023:2 bets/-100.0%; 2025:1 bets/41.0%,A Madley:3 bets/-57.7%; A Taylor:1 bets/-100.0%; G Scott:2 bets/-37.5%; J Brooks:1 bets/41.0%; J Moss:1 bets/28.0%; K Friend:1 bets/26.0%; M Atkinson:1 bets/27.0%; M Oliver:1 bets/28.0%; R Jones:1 bets/26.0%,E0:12 bets/-14.3%
2.6,2.5,0.12,0.3,12,NO,0.6666666666666666,-0.14416666666666664,0.1642564144616553,-0.14416666666666664,-1.0,-1.0,-0.14416666666666664,0.3333333333333333,0.6666666666666666,0.0,0.06430555555555555,-0.20847222222222217,2022:9 bets/-1.6%; 2023:2 bets/-100.0%; 2025:1 bets/41.0%,A Madley:4 bets/-36.5%; A Taylor:1 bets/-100.0%; D Coote:1 bets/-100.0%; G Scott:1 bets/25.0%; J Brooks:1 bets/41.0%; J Moss:1 bets/28.0%; K Friend:1 bets/26.0%; M Atkinson:1 bets/27.0%; R Jones:1 bets/26.0%,E0:12 bets/-14.4%
2.6,2.5,0.12,0.35,12,NO,0.6666666666666666,-0.14416666666666664,0.1642564144616553,-0.14416666666666664,-1.0,-1.0,-0.14416666666666664,0.3333333333333333,0.6666666666666666,0.0,0.06430555555555555,-0.20847222222222217,2022:9 bets/-1.6%; 2023:2 bets/-100.0%; 2025:1 bets/41.0%,A Madley:4 bets/-36.5%; A Taylor:1 bets/-100.0%; D Coote:1 bets/-100.0%; G Scott:1 bets/25.0%; J Brooks:1 bets/41.0%; J Moss:1 bets/28.0%; K Friend:1 bets/26.0%; M Atkinson:1 bets/27.0%; R Jones:1 bets/26.0%,E0:12 bets/-14.4%
2.6,2.5,0.12,0.4,12,NO,0.6666666666666666,-0.14416666666666664,0.1642564144616553,-0.14416666666666664,-1.0,-1.0,-0.14416666666666664,0.3333333333333333,0.6666666666666666,0.0,0.06430555555555555,-0.20847222222222217,2022:9 bets/-1.6%; 2023:2 bets/-100.0%; 2025:1 bets/41.0%,A Madley:4 bets/-36.5%; A Taylor:1 bets/-100.0%; D Coote:1 bets/-100.0%; G Scott:1 bets/25.0%; J Brooks:1 bets/41.0%; J Moss:1 bets/28.0%; K Friend:1 bets/26.0%; M Atkinson:1 bets/27.0%; R Jones:1 bets/26.0%,E0:12 bets/-14.4%
2.7,2.5,0.1,0.3,15,NO,0.6666666666666666,-0.14599999999999996,0.15609550425825583,-0.14599999999999996,-1.0,-1.0,-0.14599999999999996,0.3333333333333333,0.6363636363636364,0.0,0.04799999999999999,-0.19399999999999995,2022:12 bets/-5.0%; 2023:2 bets/-100.0%; 2025:1 bets/41.0%,A Madley:4 bets/-36.5%; A Taylor:1 bets/-100.0%; D Coote:1 bets/-100.0%; G Scott:2 bets/-37.5%; J Brooks:1 bets/41.0%; J Moss:1 bets/28.0%; K Friend:1 bets/26.0%; M Atkinson:1 bets/27.0%; M Oliver:1 bets/28.0%; R Jones:1 bets/26.0%; S Attwell:1 bets/26.0%,E0:15 bets/-14.6%
2.7,2.5,0.1,0.35,15,NO,0.6666666666666666,-0.14599999999999996,0.15609550425825583,-0.14599999999999996,-1.0,-1.0,-0.14599999999999996,0.3333333333333333,0.6363636363636364,0.0,0.04799999999999999,-0.19399999999999995,2022:12 bets/-5.0%; 2023:2 bets/-100.0%; 2025:1 bets/41.0%,A Madley:4 bets/-36.5%; A Taylor:1 bets/-100.0%; D Coote:1 bets/-100.0%; G Scott:2 bets/-37.5%; J Brooks:1 bets/41.0%; J Moss:1 bets/28.0%; K Friend:1 bets/26.0%; M Atkinson:1 bets/27.0%; M Oliver:1 bets/28.0%; R Jones:1 bets/26.0%; S Attwell:1 bets/26.0%,E0:15 bets/-14.6%
2.7,2.5,0.1,0.4,15,NO,0.6666666666666666,-0.14599999999999996,0.15609550425825583,-0.14599999999999996,-1.0,-1.0,-0.14599999999999996,0.3333333333333333,0.6363636363636364,0.0,0.04799999999999999,-0.19399999999999995,2022:12 bets/-5.0%; 2023:2 bets/-100.0%; 2025:1 bets/41.0%,A Madley:4 bets/-36.5%; A Taylor:1 bets/-100.0%; D Coote:1 bets/-100.0%; G Scott:2 bets/-37.5%; J Brooks:1 bets/41.0%; J Moss:1 bets/28.0%; K Friend:1 bets/26.0%; M Atkinson:1 bets/27.0%; M Oliver:1 bets/28.0%; R Jones:1 bets/26.0%; S Attwell:1 bets/26.0%,E0:15 bets/-14.6%
2.8,2.5,0.08,0.3,17,NO,0.6470588235294118,-0.16411764705882353,0.15185000963460488,-0.16411764705882353,-1.0,-1.0,-0.16411764705882353,0.3333333333333333,0.5833333333333334,0.0,0.05705882352941177,-0.2211764705882353,2022:12 bets/-5.0%; 2023:3 bets/-100.0%; 2025:2 bets/40.5%,A Madley:4 bets/-36.5%; A Taylor:1 bets/-100.0%; D Coote:1 bets/-100.0%; G Scott:2 bets/-37.5%; J Brooks:1 bets/41.0%; J Moss:1 bets/28.0%; K Friend:1 bets/26.0%; M Atkinson:1 bets/27.0%; M Oliver:2 bets/34.0%; P Bankes:1 bets/-100.0%; R Jones:1 bets/26.0%; S Attwell:1 bets/26.0%,E0:17 bets/-16.4%
2.8,2.5,0.08,0.35,17,NO,0.6470588235294118,-0.16411764705882353,0.15185000963460488,-0.16411764705882353,-1.0,-1.0,-0.16411764705882353,0.3333333333333333,0.5833333333333334,0.0,0.05705882352941177,-0.2211764705882353,2022:12 bets/-5.0%; 2023:3 bets/-100.0%; 2025:2 bets/40.5%,A Madley:4 bets/-36.5%; A Taylor:1 bets/-100.0%; D Coote:1 bets/-100.0%; G Scott:2 bets/-37.5%; J Brooks:1 bets/41.0%; J Moss:1 bets/28.0%; K Friend:1 bets/26.0%; M Atkinson:1 bets/27.0%; M Oliver:2 bets/34.0%; P Bankes:1 bets/-100.0%; R Jones:1 bets/26.0%; S Attwell:1 bets/26.0%,E0:17 bets/-16.4%
2.8,2.5,0.08,0.4,17,NO,0.6470588235294118,-0.16411764705882353,0.15185000963460488,-0.16411764705882353,-1.0,-1.0,-0.16411764705882353,0.3333333333333333,0.5833333333333334,0.0,0.05705882352941177,-0.2211764705882353,2022:12 bets/-5.0%; 2023:3 bets/-100.0%; 2025:2 bets/40.5%,A Madley:4 bets/-36.5%; A Taylor:1 bets/-100.0%; D Coote:1 bets/-100.0%; G Scott:2 bets/-37.5%; J Brooks:1 bets/41.0%; J Moss:1 bets/28.0%; K Friend:1 bets/26.0%; M Atkinson:1 bets/27.0%; M Oliver:2 bets/34.0%; P Bankes:1 bets/-100.0%; R Jones:1 bets/26.0%; S Attwell:1 bets/26.0%,E0:17 bets/-16.4%
2.6,2.5,0.08,0.3,14,NO,0.6428571428571429,-0.17500000000000002,0.15762439466688533,-0.17500000000000002,-1.0,-1.0,-0.17500000000000002,0.3333333333333333,0.6,0.0,0.04840909090909092,-0.22340909090909095,2022:11 bets/-7.8%; 2023:2 bets/-100.0%; 2025:1 bets/41.0%,A Madley:4 bets/-36.5%; A Taylor:1 bets/-100.0%; D Coote:1 bets/-100.0%; G Scott:2 bets/-37.5%; J Brooks:1 bets/41.0%; J Moss:1 bets/28.0%; K Friend:1 bets/26.0%; M Atkinson:1 bets/27.0%; M Oliver:1 bets/28.0%; R Jones:1 bets/26.0%,E0:14 bets/-17.5%
2.6,2.5,0.08,0.35,14,NO,0.6428571428571429,-0.17500000000000002,0.15762439466688533,-0.17500000000000002,-1.0,-1.0,-0.17500000000000002,0.3333333333333333,0.6,0.0,0.04840909090909092,-0.22340909090909095,2022:11 bets/-7.8%; 2023:2 bets/-100.0%; 2025:1 bets/41.0%,A Madley:4 bets/-36.5%; A Taylor:1 bets/-100.0%; D Coote:1 bets/-100.0%; G Scott:2 bets/-37.5%; J Brooks:1 bets/41.0%; J Moss:1 bets/28.0%; K Friend:1 bets/26.0%; M Atkinson:1 bets/27.0%; M Oliver:1 bets/28.0%; R Jones:1 bets/26.0%,E0:14 bets/-17.5%
2.6,2.5,0.08,0.4,14,NO,0.6428571428571429,-0.17500000000000002,0.15762439466688533,-0.17500000000000002,-1.0,-1.0,-0.17500000000000002,0.3333333333333333,0.6,0.0,0.04840909090909092,-0.22340909090909095,2022:11 bets/-7.8%; 2023:2 bets/-100.0%; 2025:1 bets/41.0%,A Madley:4 bets/-36.5%; A Taylor:1 bets/-100.0%; D Coote:1 bets/-100.0%; G Scott:2 bets/-37.5%; J Brooks:1 bets/41.0%; J Moss:1 bets/28.0%; K Friend:1 bets/26.0%; M Atkinson:1 bets/27.0%; M Oliver:1 bets/28.0%; R Jones:1 bets/26.0%,E0:14 bets/-17.5%
2.6,2.5,0.1,0.3,14,NO,0.6428571428571429,-0.17500000000000002,0.15762439466688533,-0.17500000000000002,-1.0,-1.0,-0.17500000000000002,0.3333333333333333,0.6,0.0,0.04840909090909092,-0.22340909090909095,2022:11 bets/-7.8%; 2023:2 bets/-100.0%; 2025:1 bets/41.0%,A Madley:4 bets/-36.5%; A Taylor:1 bets/-100.0%; D Coote:1 bets/-100.0%; G Scott:2 bets/-37.5%; J Brooks:1 bets/41.0%; J Moss:1 bets/28.0%; K Friend:1 bets/26.0%; M Atkinson:1 bets/27.0%; M Oliver:1 bets/28.0%; R Jones:1 bets/26.0%,E0:14 bets/-17.5%
2.6,2.5,0.1,0.35,14,NO,0.6428571428571429,-0.17500000000000002,0.15762439466688533,-0.17500000000000002,-1.0,-1.0,-0.17500000000000002,0.3333333333333333,0.6,0.0,0.04840909090909092,-0.22340909090909095,2022:11 bets/-7.8%; 2023:2 bets/-100.0%; 2025:1 bets/41.0%,A Madley:4 bets/-36.5%; A Taylor:1 bets/-100.0%; D Coote:1 bets/-100.0%; G Scott:2 bets/-37.5%; J Brooks:1 bets/41.0%; J Moss:1 bets/28.0%; K Friend:1 bets/26.0%; M Atkinson:1 bets/27.0%; M Oliver:1 bets/28.0%; R Jones:1 bets/26.0%,E0:14 bets/-17.5%
2.6,2.5,0.1,0.4,14,NO,0.6428571428571429,-0.17500000000000002,0.15762439466688533,-0.17500000000000002,-1.0,-1.0,-0.17500000000000002,0.3333333333333333,0.6,0.0,0.04840909090909092,-0.22340909090909095,2022:11 bets/-7.8%; 2023:2 bets/-100.0%; 2025:1 bets/41.0%,A Madley:4 bets/-36.5%; A Taylor:1 bets/-100.0%; D Coote:1 bets/-100.0%; G Scott:2 bets/-37.5%; J Brooks:1 bets/41.0%; J Moss:1 bets/28.0%; K Friend:1 bets/26.0%; M Atkinson:1 bets/27.0%; M Oliver:1 bets/28.0%; R Jones:1 bets/26.0%,E0:14 bets/-17.5%
2.8,2.5,0.12,0.3,14,NO,0.6428571428571429,-0.1764285714285714,0.16170247478923594,-0.1764285714285714,-1.0,-1.0,-0.1764285714285714,0.6666666666666666,0.6363636363636364,0.0,0.09421428571428571,-0.27064285714285713,2022:10 bets/1.2%; 2023:3 bets/-100.0%; 2025:1 bets/41.0%,A Madley:4 bets/-36.5%; A Taylor:1 bets/-100.0%; D Coote:1 bets/-100.0%; G Scott:1 bets/25.0%; J Brooks:1 bets/41.0%; J Moss:1 bets/28.0%; K Friend:1 bets/26.0%; M Atkinson:1 bets/27.0%; P Bankes:1 bets/-100.0%; R Jones:1 bets/26.0%; S Attwell:1 bets/26.0%,E0:14 bets/-17.6%
2.8,2.5,0.12,0.35,14,NO,0.6428571428571429,-0.1764285714285714,0.16170247478923594,-0.1764285714285714,-1.0,-1.0,-0.1764285714285714,0.6666666666666666,0.6363636363636364,0.0,0.09421428571428571,-0.27064285714285713,2022:10 bets/1.2%; 2023:3 bets/-100.0%; 2025:1 bets/41.0%,A Madley:4 bets/-36.5%; A Taylor:1 bets/-100.0%; D Coote:1 bets/-100.0%; G Scott:1 bets/25.0%; J Brooks:1 bets/41.0%; J Moss:1 bets/28.0%; K Friend:1 bets/26.0%; M Atkinson:1 bets/27.0%; P Bankes:1 bets/-100.0%; R Jones:1 bets/26.0%; S Attwell:1 bets/26.0%,E0:14 bets/-17.6%
2.8,2.5,0.12,0.4,14,NO,0.6428571428571429,-0.1764285714285714,0.16170247478923594,-0.1764285714285714,-1.0,-1.0,-0.1764285714285714,0.6666666666666666,0.6363636363636364,0.0,0.09421428571428571,-0.27064285714285713,2022:10 bets/1.2%; 2023:3 bets/-100.0%; 2025:1 bets/41.0%,A Madley:4 bets/-36.5%; A Taylor:1 bets/-100.0%; D Coote:1 bets/-100.0%; G Scott:1 bets/25.0%; J Brooks:1 bets/41.0%; J Moss:1 bets/28.0%; K Friend:1 bets/26.0%; M Atkinson:1 bets/27.0%; P Bankes:1 bets/-100.0%; R Jones:1 bets/26.0%; S Attwell:1 bets/26.0%,E0:14 bets/-17.6%
2.8,2.5,0.1,0.3,16,NO,0.625,-0.19937500000000002,0.1562186999278646,-0.19937500000000002,-1.0,-1.0,-0.19937500000000002,0.3333333333333333,0.5833333333333334,0.0,0.07468750000000002,-0.27406250000000004,2022:12 bets/-5.0%; 2023:3 bets/-100.0%; 2025:1 bets/41.0%,A Madley:4 bets/-36.5%; A Taylor:1 bets/-100.0%; D Coote:1 bets/-100.0%; G Scott:2 bets/-37.5%; J Brooks:1 bets/41.0%; J Moss:1 bets/28.0%; K Friend:1 bets/26.0%; M Atkinson:1 bets/27.0%; M Oliver:1 bets/28.0%; P Bankes:1 bets/-100.0%; R Jones:1 bets/26.0%; S Attwell:1 bets/26.0%,E0:16 bets/-19.9%
2.8,2.5,0.1,0.35,16,NO,0.625,-0.19937500000000002,0.1562186999278646,-0.19937500000000002,-1.0,-1.0,-0.19937500000000002,0.3333333333333333,0.5833333333333334,0.0,0.07468750000000002,-0.27406250000000004,2022:12 bets/-5.0%; 2023:3 bets/-100.0%; 2025:1 bets/41.0%,A Madley:4 bets/-36.5%; A Taylor:1 bets/-100.0%; D Coote:1 bets/-100.0%; G Scott:2 bets/-37.5%; J Brooks:1 bets/41.0%; J Moss:1 bets/28.0%; K Friend:1 bets/26.0%; M Atkinson:1 bets/27.0%; M Oliver:1 bets/28.0%; P Bankes:1 bets/-100.0%; R Jones:1 bets/26.0%; S Attwell:1 bets/26.0%,E0:16 bets/-19.9%
2.8,2.5,0.1,0.4,16,NO,0.625,-0.19937500000000002,0.1562186999278646,-0.19937500000000002,-1.0,-1.0,-0.19937500000000002,0.3333333333333333,0.5833333333333334,0.0,0.07468750000000002,-0.27406250000000004,2022:12 bets/-5.0%; 2023:3 bets/-100.0%; 2025:1 bets/41.0%,A Madley:4 bets/-36.5%; A Taylor:1 bets/-100.0%; D Coote:1 bets/-100.0%; G Scott:2 bets/-37.5%; J Brooks:1 bets/41.0%; J Moss:1 bets/28.0%; K Friend:1 bets/26.0%; M Atkinson:1 bets/27.0%; M Oliver:1 bets/28.0%; P Bankes:1 bets/-100.0%; R Jones:1 bets/26.0%; S Attwell:1 bets/26.0%,E0:16 bets/-19.9%
